objno_deep2,z_pred
12011416,0.5743891906818472
12023279,0.8369221577994336
13017399,0.9794166582751973
12008131,0.4209640089351368
12003729,0.567564986943279
12003313,1.0889079233266326
11021040,0.6915285266459269
13020559,0.8468999163926167
14029818,0.9526826354510147
13049159,0.7002306069774155
13026194,1.0714384677526705
13028427,0.7196453263712966
13035570,0.670515430231803
13018058,0.3737107868775527
12005533,0.6925485352404127
12027865,1.247352041232863
14028737,0.8717269637977725
13034892,0.7891199711860953
13058802,0.5855434002513005
13034266,0.6903224467186684
12015933,1.305059067417109
13019356,0.9526826354510147
13043664,0.679122857427492
13026703,0.8489256677055736
14034435,0.501379546727113
11045189,0.5152823523058647
12029430,0.3990279108411079
12020460,0.5233472789535566
11051190,0.4999236990665012
12020226,1.2479818451370241
13064313,0.9299007368634713
12029047,1.05613657082422
13064464,0.6285903462597644
14024652,0.9600631406676334
14012814,1.04265740554199
14021539,1.04265740554199
13058710,0.4399666995064747
11027452,0.8509310274763395
13026761,0.7937771593450119
13055360,0.8300583144108968
12024872,0.959627092826235
12021021,1.0889247691939437
11051962,0.3221220037574172
12027965,0.5613748003995436
13051672,0.24016098763420582
11032750,0.4432140434500513
13055272,0.6996656232937731
11101473,1.04265740554199
11006363,0.776423582568474
11034334,0.9396456747400022
11033434,0.4343225672562955
14028987,0.6515871783959991
12004729,1.018614003527617
14018493,0.5628061635302261
13020183,0.8808885203484862
13010247,1.084938736127322
13003917,0.9526826354510147
12012294,1.3854838716036235
11051724,0.31183307492799117
13032491,0.3612840514289805
12101115,1.356977001271417
12028825,1.012887321716346
11040256,1.3251022131738934
14034601,1.0229355869686259
14023103,0.562697645849789
11015202,0.5007294112265803
14011252,0.5508475501969218
12028457,0.5099320306490285
12007663,1.111845885162534
14028119,1.2138158250860385
14007176,0.4626459786382992
12025109,0.9693795915932758
14028452,0.6462911360720007
11013937,0.6662161356116185
12017074,0.7014017636459454
14016678,1.0648731164965788
14033288,0.5326401836713591
12029045,0.5973823573790503
13026732,1.2422697029748508
13027026,1.0514600895734614
13025375,0.8074112559167567
13012069,0.5343121032566744
12007621,0.7135194849862984
12016619,0.7872098293742341
12007683,1.0552840303920796
11045638,1.0836864715209773
13005509,0.3733380529237128
13032755,0.9481511640757685
12003637,1.0553724504036637
12028626,0.3430173273991513
12032544,0.28766633277163134
14017935,0.6581383399528384
13040732,0.40179921241270267
11044620,0.3903146558756653
13034445,1.2162525125273576
13035996,1.1234423608872706
11051648,0.7842985453569423
11046508,0.418792310945323
12024336,1.4480191484221274
13051230,0.37168403302885605
12009171,1.277992991223779
12032532,0.757808374141345
11007823,0.43267949297119207
14011560,0.9653119513192692
13019862,0.3729325356378791
13026080,0.8447329844209891
13035330,0.3291977451763068
12029226,0.938196668185431
12012494,0.5216047354164586
14018277,0.4374460386156671
13040940,1.183398252169965
13034137,0.9380814654970682
12023760,0.37360225889353715
12028365,0.42110673595308684
11033809,0.9520865532786721
11045168,1.040706638831711
12016592,0.4546153768098061
11007873,0.4888416404883714
13063785,0.5950009625269466
13011113,0.4906410466138593
14016865,0.7175403207754443
11045186,0.5030730588907393
14034659,0.43217401126605426
12024884,0.7813488780918267
12015938,1.1472041767186356
14011284,0.7014042964814482
11031171,0.2833913387622654
13010923,0.7131174346445548
12008251,1.2056319808441758
13035874,1.040888598475603
12012513,0.5671716134917367
13003434,0.7345535136412238
14018687,0.6373520231071825
12005419,0.9104777098936888
13049865,0.6859383099480769
12024755,1.4503080318599453
14006846,0.5101951671284313
14023227,0.5270315587133308
11027394,0.8541283535263144
11033559,0.4820938692302984
14006887,0.41972064859869446
12019713,0.49105220816037237
12019135,0.6946128695381185
13040908,0.481516582412649
13101049,0.7168528091632211
11047070,0.5631174991883995
14016263,0.5080218937654039
13020587,0.24403923051686124
12012782,0.5088528513278042
12101118,0.784154509996265
13020535,0.2844106478998487
12028551,0.7656690815081775
14012641,1.0141701232271727
13025271,0.7194374496645369
14006544,0.6622148559785185
13011059,0.7423435161758409
13055576,0.9526826354510147
13025832,0.6533011359829028
12012068,0.7087134813628166
13063861,0.44645915651329315
11052736,0.49427408818959273
12012433,0.4190624622619311
14022965,0.8022807075098062
11046356,0.7345703774828775
14027841,0.45881789163416775
11014351,0.972058078126474
14034483,0.38698179436932134
12004443,0.7008427174134217
12025024,0.5092447053175355
13010951,0.6574228430548557
13063832,1.3305868308641182
12024917,0.37915923642328164
11051726,0.8692307336433472
13057557,0.7145814009402338
14027397,0.7127490787756935
11044350,1.137368260558438
12019902,1.3475065391049514
11044680,0.7279539738999756
13027445,0.3740220980244912
13017202,0.785066233269681
12012794,0.7021774391250476
13027139,0.7716624333678235
12027358,1.19233827320622
11040228,0.7522890249951524
11050883,0.9526826354510147
14100756,1.04265740554199
14007996,0.5517657438443225
12023622,1.0889247691939437
13040065,0.7219947396796224
12100758,1.2513394792431851
12007196,0.6310193589382319
12015118,1.3086469859920018
13016341,0.7145049519849721
13056000,0.5986908149905106
13057505,0.9009289175335788
13003385,0.29245999819473334
11051235,0.5674523866496348
11038382,1.2712118850878928
12020279,0.9490414226492621
12025532,0.9122662684899239
13036413,0.3819283985063769
14006178,0.4906281463144323
13034499,0.6868103591833542
11019069,0.7747697742844423
14100805,1.2622447919433553
13100238,0.6742621880462889
14039621,0.40590237794262135
12100559,1.250051101827444
14007400,0.8022600588466902
13059034,0.4423477082436776
12100154,0.3004754047667937
13019398,0.47211782486720466
13033760,1.3563958908494274
12023941,1.345699407440559
11050775,0.7921185902471969
12020615,0.27809580385783156
11040739,0.7876187799853099
14017067,0.7087554086041737
13064937,0.5377002786431168
13035084,1.3369835538101704
12009094,0.3083624181392093
14028799,0.9832188640792279
11031579,1.04265740554199
13055292,0.6292325594950445
13050924,1.1515961958595946
13100756,0.4255462426474604
11014390,0.8190025541508831
13063155,1.3596795340280914
13042393,0.9526826354510147
13018922,1.21700833318761
13062953,0.9568278739981767
13057852,0.45885553311014926
14039955,0.6477380026253456
11051653,0.8146122370164929
11039583,0.24498117637389677
11020631,0.7720725434095321
12024894,0.2703901315446696
12029588,0.6324171144867268
13051092,0.78878198237541
13009933,0.3827466168137947
13003269,1.0045580704122166
13101295,1.466646322653436
12016787,0.349413564412676
14012587,0.6568783818425387
12024580,0.5024405521415024
12016281,0.47109547501501076
11046351,0.8090300406987418
14029107,0.5947817170156896
13056983,1.0546947992306543
13012487,0.759374631016583
14035145,0.400451410703823
13004837,1.0889247691939437
13043436,0.9859595447000542
12016347,0.3206086888560444
12011961,1.04265740554199
14035098,1.1508029274137699
13036478,1.3819395542225221
11037772,0.9526826354510147
13032926,0.7650824263555875
12015392,0.7855434355655804
12008827,0.9832502271879784
13050172,0.6047586043941059
12020308,1.419556979583349
12027772,0.8209756680628832
13010374,1.0796419732062716
12003792,0.6483664395252378
13018943,0.36976054110202666
12024858,0.2834407141573193
14016974,0.4587732347214642
12028140,0.34808245156576184
12012326,0.383198495668925
13063956,0.7167467125325916
11021273,0.9104168373310312
11032910,0.8718828219081058
11026927,0.5094134985510328
13058766,0.37605122920239636
11026386,0.950659477793457
13040203,0.9526826354510147
14100370,0.46232444257414607
12008510,0.29914185410336724
12011295,0.4543028339037584
14012797,0.4911625599862757
12005047,0.9315494628150424
13009902,0.407389372186999
14027189,0.5292372192032917
13026154,0.9526826354510147
13004292,0.36640653478445806
12101094,1.3464616347673597
11007848,0.4708465207095082
11047679,0.5626866142801571
13035903,1.2157374602288762
13010896,0.8794503714250641
14006821,1.0410763378395869
11046473,0.7018443932512013
13064139,0.40911018365351204
13024769,0.762235360327292
11046267,1.3667348929612597
12100759,1.0019101574641938
13042361,0.9108796704304924
12009037,0.47371452090940935
12012215,0.37813574048477255
14100096,0.9526826354510147
11031303,0.864746752825007
13044266,0.7785209846757575
11044182,0.5661013687260261
12011668,1.0639958783938182
13101995,0.6263359994014341
14028429,0.4121150990023178
13049825,0.3156216858093029
13040741,0.39533428334034937
11038273,1.4514784527386673
12020063,0.46127327326093787
11021746,0.7145924872698576
12017388,0.885754969865239
11026382,0.4816994583486624
12008911,1.1880319560560328
13063856,0.8863715008085142
13026542,1.0364118318640043
11051499,0.9424321439451141
12011767,1.2217422529110302
13010099,0.3459501465730487
12003765,0.724217213398585
13041676,0.27048053801383704
11032358,0.4341592979028876
13010254,1.2837790941061504
12025231,0.19134307499646033
13020230,0.7697798839685629
14016225,0.6440109892509766
12007511,0.8451127655471871
12013238,0.6168150497540573
12015531,0.6975446270798478
12012064,0.4233627617238861
14017982,0.4713860942472736
14023644,1.2148578402885917
11039706,0.6907783461935341
13026112,0.3505672179181363
13033731,1.265633780009895
12016719,0.6461176819870188
14023468,0.5802624888611203
12005125,0.7974646141470123
12019377,0.40326126329874584
12016150,0.6923019771656976
12028046,0.6399382855036752
12012559,1.2473837525150064
14012963,1.2434466158031925
11051533,0.7752117469316647
12009269,1.2133895500121064
13051539,0.3149345482624944
12029027,0.5339529997747532
11039432,0.8592635373334149
12027695,0.4663927988488158
12004487,0.44064390723847596
14039135,1.2512282408412407
13027790,0.7782946458376644
13017370,0.42267382907460316
13011979,1.215995162083197
13004693,0.3612354670189456
13025009,1.31433415464033
13033864,0.7762953475447675
13034747,0.8944814538968753
13040814,0.3670366142499091
13033966,1.3011598420977224
12003869,0.981620957714309
13033885,0.6226737124848085
13009982,1.1844067134914662
12019800,1.2494563331713253
11020734,0.48063277200075716
11021075,0.7058728121632467
11046514,0.9526826354510147
14012204,0.9948285983013807
13057879,1.04265740554199
14034224,0.9526826354510147
13028039,0.7517533416164086
12003664,0.7887816799043766
14016307,0.6002266683728493
13049771,0.8479771853262847
11051167,1.3688915634752583
12029472,0.3549134287302569
11013886,0.43765937668443305
13036008,0.6705427348551458
13018682,0.7705911929829666
13005066,0.3960165398557131
12020127,1.281248498771392
11020588,0.7634665768373559
13041286,0.8807148737033983
13100543,0.9618741582160828
11045209,0.7841757484079845
14033631,0.5941895035447957
12027702,0.4790530357423462
14022469,1.3147084300271608
13010199,0.6015205828392793
13016870,1.1268649108124082
13017686,1.207503724226935
13003318,1.1463148368237497
11014349,1.2821666191141774
11026450,0.4819457104567818
13049736,0.7255463635450274
11021002,0.5829760838155726
12024928,0.4961344817768131
13027875,0.4005278221192308
14034709,0.7534259432655527
11034271,0.7906326693041298
13058765,0.5444100520792056
12018990,0.8253694669060205
13058693,0.5562373770868395
12015966,1.2390250057096979
13033835,0.9506770722994508
14028474,0.4757062224258004
12019745,0.7518957129443398
11015228,0.6005374537104251
14022899,0.4298205887382962
12015949,1.1966930381946046
11027975,0.7545842051690346
14006713,0.577065094841818
13033172,0.6209962671112309
13051879,1.485394225995073
13064904,0.5943728312935106
13032467,1.0340434536532344
11041347,0.3473658704763776
12016731,0.42195034744525556
13031815,1.04265740554199
13048997,0.5047130793353484
11045934,0.9526826354510147
12017194,0.6154480419409165
11039139,0.6837557211068882
13035927,0.7313815908876797
11051236,0.5209044765270578
12020628,0.429018271436739
12004687,1.0033297703733473
12013234,0.2838388656653022
12015626,1.0368381737061332
13024029,0.5327505287783256
14018476,0.5822059254438424
11012940,1.0559504728524862
13020619,0.45888010165119636
11039150,0.6956489832845208
12008513,0.9750380135782002
11038561,0.7449545448039249
14007987,0.5571349651452829
13026538,0.5094089298665372
11051984,0.9464803661434418
12020184,0.7099010487676541
11052755,0.4426185100406744
12024828,1.0889247691939437
11032739,0.4776947061366601
14002228,0.9027516697558134
13031821,0.9526826354510147
11045532,0.7103000516626646
11007749,1.2499701674733112
11033882,0.47545787079622437
13019247,0.9451540281559138
12024851,0.45047447278322067
11020606,0.8986838390976754
11052341,0.3446210763885082
13013039,0.9819939802443252
13059316,0.41647712406031273
14100807,0.7940313129894895
12028696,0.3714807227883234
13035862,0.7057372057839624
12020179,1.0331002682439743
12011891,0.545525834582723
11026403,0.5005477455151471
11015296,0.5804997854911214
11033012,0.6858473210190758
11008311,0.6795136446885955
13017517,1.04265740554199
11039902,0.7354233344047687
12028731,0.5860643640283749
13017296,0.5372552432263015
12028331,1.0576160884761983
13032515,0.42765382292698434
12007455,0.6657933337365524
13056258,0.5000168909505684
12024932,0.27338031797381235
11033623,1.04265740554199
11050989,0.7481663001950752
12007472,0.9938227871128921
13012163,1.3858276021885063
12015255,0.6806501640575994
13010625,0.25319390759880045
12015814,0.5943997065017906
14100342,0.9361358653325932
13003388,1.4012459302267093
13048969,0.8930961853572935
11046928,0.4177415398659699
12100036,1.3043361282445725
12023700,0.8008555920176085
12008851,1.0468196258397733
13016662,0.9526826354510147
13042073,0.3700945063866623
13003405,1.360020151526408
14013108,0.43401717589736655
14027644,0.9460949854170346
11041293,1.2510370186252873
14023724,0.49953407422817814
13044269,0.912769292754463
13024524,0.606072744856167
11040834,0.43074546653578094
11018870,0.9526826354510147
11007393,0.534535635514593
11021220,0.481728054386666
11032831,0.8260061273574152
13056127,0.6439832907490305
13049747,0.7863194776545137
12015439,1.456168541675189
13032344,1.1160300309042994
12015507,1.0139618934781005
13011789,1.3963462307482633
13049598,0.6640819379668008
12016362,0.8859910192063525
13049899,0.8113857380513791
13026472,0.9377543436850152
14023658,0.7131109505782838
13003400,0.9430162222594827
12024044,1.0547860227319026
11014382,0.7458065904375967
11014235,0.7960392073084864
12008575,0.5472876315549519
14033484,0.7936345880857405
11008352,0.6928066742192773
12025269,1.1948783639287044
13033105,1.2902667532942524
12019339,1.4574887244326462
14022415,0.46860910327490485
11026982,0.6479417634123082
14033134,0.8952973421959273
13011072,0.773846247379582
12007424,1.125352542056993
13010841,0.7518477760312288
12015560,0.42933026804035745
13056079,1.299345052329673
11101590,0.5529655913129868
11039245,0.24828378851439747
12019186,0.5332327313281079
14027356,0.7036657746787428
13058245,1.4549632249044413
13049570,0.47347255738447025
13024765,0.5159886575504966
13032747,0.9628324798143403
13018541,1.4157190392200776
12003550,1.0537113921637054
12027507,1.0352039632350778
13010561,0.8566837549356299
11032157,0.2715980650839915
11051004,0.525949147627125
12003986,0.9407419789647047
11021749,1.296211845776207
13051207,0.5548683234846746
11026460,0.594758244092997
13003821,0.7528291569464349
11052315,0.6945959764716478
13040189,0.3929183316495719
11051619,0.4726391532960894
13059429,0.9293346532780069
12005453,0.7815105112551288
12020726,0.36004611442230083
13063409,0.41173103290658747
13042383,0.5105395006939247
14034694,0.7679722442301806
12020404,0.7939007099003409
12024843,0.8019992470917743
12015154,0.7305233562706737
14028559,0.5879771006152361
13042347,0.35181411490027004
14011956,1.2136677088058752
13058170,0.7690351006539905
13011794,0.970369861922881
13048177,0.681152482656606
11021303,0.41324383660624725
13025646,0.37741069183321946
14006211,0.5908017381891675
13010520,1.4049354115092338
14023283,0.8548628698136095
14018224,0.6048710338259139
12011520,0.38298597775488835
11038979,0.7947714366146539
12029890,0.42361222889650874
12016312,0.3507268487011325
14033265,0.6051884114123837
12005203,0.43587403698167215
11002200,0.41771966976843616
12016351,0.7970930678585052
14034206,0.8289111283034615
13040878,1.2570502084865682
13025520,0.8913038888275331
13041636,0.3786110335924719
12019233,0.409330132475904
11047477,1.0266747544258046
13012404,0.7978904167364255
13059322,0.5884473856460861
14013732,0.9067926761117553
14001836,0.6538691463786808
13010765,1.0940702730705678
14016642,0.6867720270223302
13020598,0.34477950980007654
12024340,0.46464335539379775
12003490,0.5807359463530676
13041589,1.1810731127802934
14011077,0.6609109566557276
11051906,0.45026918142154204
14100569,1.04265740554199
14028497,1.210954347520906
14028048,0.8329808605365936
12008170,0.4279580682045641
13047725,0.2533371955725992
12012414,0.9702678145378869
11046499,0.6752088775623819
12004116,0.8055965212004373
14022382,0.453284790272016
12024253,1.2909450461372498
12007934,0.7694621152900412
13063321,0.7267886559217351
13020524,1.2985285131129425
13026042,0.9990748402205105
11026861,0.8927339767132396
13033547,0.6200708567270568
14005496,0.75739796868025
12009337,0.3775092470251819
12009314,0.9526826354510147
13043565,0.24473545550083833
13034634,1.08535610217123
11040794,0.7647940023450619
12024004,0.9949148649547155
11051273,0.9526826354510147
12023331,0.3804553428095966
14021930,0.47679161883747667
13032193,0.24854865309134247
14013785,0.6172986939458451
13035249,0.9720857876091022
12011561,1.3603180207669539
12016407,0.7324194661564484
13010539,1.3622327808057304
11032667,1.1952378610510257
13033205,0.4706747362070346
14012216,0.48056440023136104
12020903,1.2815088143293405
11045907,1.04265740554199
13003863,0.7398366603528486
13041633,0.7239887287420663
14016774,0.5226804951961576
14017658,1.1943296018641374
14021938,0.48059441761213456
13057447,0.6455894039381533
13027375,1.219473752513382
13051176,0.92639559741604
11045723,0.5208753717879506
13101020,0.7297151044468865
12101421,0.9526826354510147
13058241,0.5934469046825721
13027930,0.37449574479291486
12005326,1.227748976556488
13043083,0.8031573152803664
11037849,0.4523037913413517
13018986,1.4503293840355722
12003740,0.6588519316401521
13009817,0.4993403961444863
13036568,1.3465938812112848
12019983,1.105919025758646
13025410,0.575945103915247
14039983,0.5316293729441269
13042412,0.9526826354510147
11032508,0.7666065353754631
12012065,0.9900274349807298
13063490,0.4780257665396938
14024221,0.3950009678236349
13010991,0.9667776368153489
11051456,0.815534404737747
11020672,0.813847389327909
14100566,0.6848039319215133
13055074,1.0746033426896255
12017092,1.1500007384097335
12024409,0.9408159787345945
12020984,0.4987549079231323
13058800,0.5489445627336164
14034152,0.4191760448283667
13010107,1.1890862448908068
14012143,0.6671189883967883
12012170,0.6943207277188738
12005063,0.6853736552603239
11021284,0.6741321191206276
11039610,0.4825031376656673
11040153,0.8614959421727164
11045655,0.7934645735665672
13050238,0.23848685482012794
13017849,0.2370446548848703
13009718,0.5618040328291726
13019294,0.781927926127421
13018673,0.42742130339690065
12021367,0.7369688189558875
12015681,0.6048671991081619
13059430,0.9356375817116471
12012425,1.2074653822201982
11026246,0.9334697784597846
13003612,0.6140725685311126
11013638,0.873574908874255
11031881,0.6771960511258038
11007598,0.6851332749036512
12012218,0.7076093286810469
13033207,0.38184178441105376
12008715,1.371345590305883
13059362,0.42550376543083274
11032332,0.8234470342142393
13050287,1.0531947945349374
12004417,0.25079510879572825
12020728,0.9526826354510147
13058822,0.5738693346899503
11034074,0.7744737336128469
13003141,1.0666983539143151
11027545,0.7260657320911839
11047036,0.39697862963932934
12016993,0.42454688916406885
13003874,0.7097828391240623
12012167,0.9526826354510147
14022769,0.7164115557078774
14006545,0.609637021931573
13042722,0.9526826354510147
12029182,0.4204747044999914
12020346,0.47328512644348836
12024459,1.4620457174283765
12012031,0.7843435790492606
14012864,0.7027246383472543
12019627,0.9237980787901791
13018616,0.5481402058094553
12021344,1.0633872755351077
13010509,0.7082389577085659
13101170,1.064856254009852
12016224,0.6081185953419644
12010897,1.3027525411376246
12019476,0.3646845345702803
12009152,0.5446027962706799
11040071,0.7731341065596317
14100329,0.6564868847686427
14028097,0.5332507172252107
13033517,0.36109079164237073
13063753,0.735283323617447
13004372,1.358870195374279
12027512,1.0782907836360538
12101131,1.267142219522362
14039520,1.1137948599076972
13063099,0.8137793978093291
14006168,0.9576887386087855
13063594,0.7194541722033427
13033927,0.7107168661601994
11050699,1.2173199178426413
11052102,0.5778530217698452
13012401,1.156478950759779
11026682,0.5696907735980671
14100307,0.42789334856516187
11031998,0.9225913653736082
13019070,0.6265809809366434
14016819,0.5084206947208861
14017053,0.921706447616501
13055236,0.6209323673996002
13019090,1.4219803091144798
12024189,0.4348278235661454
12007868,0.37226698276383713
14022599,0.7945331524602584
13050489,0.4796627289948321
13025471,0.2646270485913429
14007118,0.37930307331982405
13003096,0.43254987159897473
12016968,0.3679401699922879
12008562,0.7890224145452226
12012205,1.363385797159016
12024956,0.9526826354510147
12011463,0.7379921827670995
13043396,0.8804714151891663
13033209,1.251608092001816
14033011,0.8164003993624493
11034314,1.04265740554199
14006783,1.27149655192678
13040217,1.247968337605657
11027767,1.04265740554199
13003731,1.1930181609126151
13019463,0.6857201185197392
12016659,1.0727096879667664
11046444,0.9264312632129061
13026561,0.7160231204722721
12008005,0.9278253609605298
13063584,0.38552618565971636
11030927,0.7940206975933743
13012099,0.42061124636967107
11044540,0.49880080523514486
14028101,0.5535016175520648
13012362,1.4492682014397278
11026038,1.0355080777262413
11051146,0.6197276803889364
11052435,0.5066079697497505
13064457,0.3930610327012774
12028801,0.979354092310551
13003362,0.47786121693149275
12024822,0.3028225124153728
11013240,1.2445596392147755
12020928,0.828081700286399
14016435,0.8296428668715066
13058168,1.04265740554199
13049357,0.6281147688801745
11007845,0.43778881463356256
13012347,0.7266893682892076
12007512,0.9636995518146817
11032123,0.3497468720195338
11025663,0.8153628485579464
13058748,0.4576349483672737
14100108,0.5997191249092786
11027927,0.7831614720549319
12027520,1.268820242275591
13043501,0.34888004017105656
12025220,0.9526826354510147
11047092,0.5347912408773445
13027485,0.5075533511999564
13012000,1.1398155351626325
11028086,0.6509769931550907
12020913,0.9526826354510147
11052466,0.8211768526856581
12016880,1.460081365501192
12101293,0.9526826354510147
13043507,0.9404186192681219
13036564,0.8066094897037646
12027454,0.4289148305305418
11051934,0.41952846863013366
13042715,0.24284960857576954
14033660,0.9439246094315911
13057521,1.1864733218506716
12025039,1.359488977904711
11040763,1.0372856641255384
12008464,1.209035470740871
13025833,0.9132681576109892
12011955,0.6775778739945014
13027427,1.0707267684574762
13027281,0.9041828303846328
13056628,0.6744118647858194
11052576,0.5247515619654398
12020425,0.31357105660458
11100374,1.219536093711216
11037816,0.7739465452491872
12023914,0.957102186995711
13051183,1.4395251551366848
13058297,0.8439306125409903
11052294,0.9421394759709005
13033104,0.7673334133803971
11008329,0.6935120541147646
11021773,0.7301631473708645
13050474,0.8769035191532926
11012985,0.4785050782414565
14007682,1.1499624708440632
13051869,0.5275776613786226
13041554,0.3601190761294842
12025417,0.6941897408671024
11020482,1.001824437350087
12010920,1.2159959487743173
14027566,0.4233921370881904
11039881,0.733974073261449
13043718,1.4049622752144888
13033035,0.7336254657183083
13012392,0.3852601698858735
13021141,0.8555866827608436
11044664,1.1267952608906207
13056822,0.743052476559546
13049178,0.6432676039194485
13050352,0.5611172526537872
11038571,0.9543968468602309
14012838,0.7715165368645878
14018310,0.5455869231658598
13025674,0.5597615105594576
12003927,0.7708855429800979
14023705,0.7169411099920587
11026348,0.7269333009560519
12007906,0.3901242117173587
13010404,0.6339711599112008
13003595,0.621008464598057
11021771,0.3779165559801544
12021446,0.9180429065917061
12008622,0.9526826354510147
14017529,0.702228245808039
12012313,0.7222151721910263
11013893,0.4703804923085058
13050886,1.4647184383399559
12011483,0.4329879544735348
11022326,0.9465739343417273
12021357,1.2995175798801293
13049885,0.5236496126833959
14012084,1.2663983782348958
11028367,0.5271780065993521
14021422,0.6873684193093051
12004864,1.310424766874247
14016679,0.6372995025478787
12019248,0.7308290463120974
13043720,0.23773373209792736
13033093,0.7424734174388716
14007156,0.35573184460914026
13025995,1.0711551931577692
14100268,0.7129721927092896
14028513,0.3929915142917668
13027630,1.0357178584868476
13041591,0.6922191634580435
12011927,1.33226636614786
12016524,1.44338611864472
12008515,0.48974453458608685
13040789,1.2085413424139073
13043535,1.2178777497805746
12004848,0.4188405268078927
14012388,1.2484114927078078
13025443,0.9526826354510147
13051218,0.5578006801313667
11034385,0.4691518717423373
12029293,0.9556349275384223
11038526,0.5825127885939997
12028425,0.5465895457351974
14023101,0.7024435559843965
11037962,0.9526826354510147
13019123,0.24392146689175326
13064852,0.9041570876420821
13055266,0.5090678042728253
13048210,0.9477540771490789
13040136,0.5623571312712579
11046480,0.9303821648228408
14007392,0.8444718198278212
13004268,0.8199489449137866
13010919,0.7647329067349158
12025577,0.733839599490177
12015980,1.4494275492475892
12020493,1.462461712235389
13033177,0.7183772111134685
12003894,0.37655177225020564
13034516,0.7586350785972573
12027331,1.1829450734264468
13032433,0.2756485698006609
13048303,0.8066531002234864
14027864,0.4037857698191397
14027414,0.7343023755425203
13018527,0.3603397043433712
12021033,1.1966578921818625
13034655,0.8103067105234927
14017027,0.44330472456778175
11044311,0.7787282769919947
13041658,0.6405963903625019
12012297,0.577268504298992
13051197,0.22780308592902235
12023343,0.7998491324255764
12012439,0.9864178668869813
14017438,1.3352986582022046
11027000,1.166023318765663
13017974,0.7395669111579402
13064888,0.41557732464984126
13011931,1.342544624360533
12025287,0.6460967499310883
14022420,0.8438588184329033
14027309,0.5862014421612083
12009206,0.9589698403233059
12012333,0.6276667471958962
12016585,0.9339078244745876
13027743,0.7259254087294096
13050930,0.9687094749555026
12024014,1.284951848755071
13049853,0.8614221457303909
13009613,0.220327117573233
13043393,1.1851349372007354
11020232,0.593883911722845
11052077,0.45002514440441116
13050348,0.7080385757024136
13018388,0.23824113394706947
11051794,0.9565014011772923
13025574,1.4443314682354842
12024912,1.1059115730331344
13010525,0.5568475574018013
11045551,0.47038939108801286
13064634,0.9174374343693457
11025850,0.9811284072314705
13057425,0.7455954182808235
12027607,0.960333595560404
13027082,0.2526217459187173
12028272,0.5145078238694826
14022946,1.2602958959012898
13056850,0.42327551791064466
13049221,1.477626117182746
11044658,1.2894353451714804
12008115,0.9985733768776239
12008130,1.2086186070658045
13042944,0.7278773219851373
13024761,0.9526826354510147
12023686,1.253747785830983
13032333,0.8174970827856625
13011894,0.7631837002504649
11044961,0.4459724602708238
14017985,0.40330956148480385
13051222,0.3476899942928959
14012303,0.48596365914751194
12008181,0.24777026262099391
11020634,0.8720333568403672
14016667,0.7593111861214488
14016423,0.615299667256309
11021283,0.9403473346905393
13011635,1.0889247691939437
14028042,0.9186302633045373
11021110,1.0269880132286624
12015853,0.9611083317406794
13027156,0.4453094037320832
14022288,0.9502669490827108
13058235,0.7026211972929715
13004049,0.7094999536383934
12003564,0.6907611604816877
13019144,1.0477024433868123
13063375,1.0208915717451363
13049076,0.7866223794733158
13009864,0.4836329362766395
13017980,1.0466198463225012
13042661,1.1537101108394279
12011708,1.3286825529062058
11026188,0.4812932234082705
13057842,0.7374380034731555
11013278,0.7688425148831343
13010507,0.3706986189370069
13017307,1.1555653657913796
13027296,0.7401627361946194
12024833,0.7256647476907626
14006214,0.7037642248453697
12027928,0.9755253885572956
14022785,0.9101729020577438
13056845,0.6040033812109318
13040682,0.8336065402765094
13003846,0.34878128604538505
12008111,0.8458169381773069
13003513,0.9663233063117177
12028158,0.23658181784647733
13035134,1.0889247691939437
14039519,0.7612367809237061
12024464,0.5661013687260261
12020174,1.4761638458747555
12012387,1.4211896003431783
13064332,0.7523500390987501
12024995,1.0889247691939437
11039110,0.5719509407685271
13100787,0.7561890133952021
12013237,0.3759722291778469
12024904,0.4667264905336312
11027535,0.6665762736719245
11046506,0.7669812749310987
12019628,0.4861787109952359
13033182,0.32522968751659137
14007001,0.49784155887368237
14026940,0.4771348752303766
13058803,0.6583516709040915
12024976,0.24366633916198402
12017440,0.6899887825687071
13026192,0.2711007443146526
14012385,0.5475861233725133
12012284,0.8992135679290487
13019526,0.49670133178273007
14007136,0.45956151622072433
11033307,0.5835943448532317
14016850,0.6282861891598855
12015891,0.8160732367737948
13049168,0.6674109592711501
13003784,0.26730154729983374
13058226,0.7120079702071574
12000814,0.23913116470815546
12019661,0.6958225669109332
11019779,0.7538139639582117
11014209,0.4323329618910725
11033162,0.7177684693827517
14029284,0.9684818162585017
13051086,1.157250542671452
11021620,0.916297705098494
14005521,0.9052634615321744
13100318,0.728796271701231
12004760,0.9751082284703488
14038835,0.5805584747176762
11045244,0.4701979453136533
11033276,0.9262147879555519
12004204,0.8896939461643218
13017237,1.0747748825682577
11047551,1.0951677934663464
11044639,0.45898563984841606
13063488,0.5992850794817849
12028454,0.8281990842239648
12100569,1.4851901412709736
11045834,0.444340115280176
13041503,0.6109846200390074
13048559,0.7542063703015954
12027874,0.8643484894388206
12023345,0.8927907949592562
12009697,0.5503612379276961
14016841,0.9013325279781746
13058154,0.6316657935363301
13057694,0.8630710473183387
14033797,0.5374160181134807
14029798,0.9526826354510147
13033596,1.378246897787981
12100924,0.648167137040392
13027980,0.9753821605919399
13033248,1.0401813016250079
13036010,0.9167810751670227
13026082,0.6988833708075394
13043497,1.1195643427652238
12017078,1.463443866796494
12028431,1.1563460746848966
11025709,0.3940070307846004
14039805,0.6162025838589198
12020416,0.7400265858153474
14022337,0.9056958096755983
11051996,0.79893628446433
12023646,1.11631664086442
12020031,0.8722670326145517
14022270,0.4967927598932065
12007776,1.3239215988240642
13027290,0.5244865152884696
12012349,0.23959873294485018
11033176,0.49606311379705337
12018980,0.37021156280501033
13033754,0.7744601342772235
12019873,1.2123932595075582
12024114,0.5817695535580918
11020707,0.7755335644120096
11040154,0.9213948162619612
11045402,0.4438199519099159
13005268,0.3662036236735568
13024653,0.23824113394706947
11038670,0.9818889833772559
12015594,0.4719840412671856
13064310,0.6738619248836065
13043733,1.0657381048761168
12007529,1.2015406177699572
12027875,0.49314577167960266
13017993,0.27252403547558846
11033173,1.057916291270017
14023564,0.6756684077709245
12021205,0.5132990608934717
11038304,0.7347733047618271
12025291,0.7559201235434942
13035532,0.6091403857472951
13058547,0.5531096039888707
11020104,0.9387313288728083
12028348,1.2363587448971125
12019517,1.1849727221879964
14023046,0.5465153568222368
11025640,0.49071956297258845
12024199,0.7801768873606276
12023514,0.9101945120284012
11046423,0.3341237390066146
13025807,1.1795143918469266
13047911,0.34865204877711553
11043820,0.9742224632421366
13004520,0.9633837718481737
12020476,0.73579328250817
11044247,0.9526826354510147
13040852,0.44738386355959797
14008400,0.4355518631239411
14012268,1.04265740554199
12027970,0.9918381379608724
11041385,0.43854992878736987
14039902,0.6103088395698195
13013001,0.943711647349569
13025974,0.9101483108112975
11041195,0.404576315783036
12015657,1.0889247691939437
11013340,0.9727890394509457
12004444,0.9264674772844371
13013014,1.164095420945202
14028557,0.7114491145082839
14029014,0.4284842546604253
13056635,0.657717503928309
14101280,0.4124520481163875
11026463,0.395470577597699
13064306,0.76002454969732
13027677,1.0600363999119897
14033803,0.5181698175280771
12020008,0.8513110399735475
13035877,0.8976556953216526
14002600,1.0244777349744283
12020896,0.7647504482524742
12016650,1.0198727750068366
13026201,0.5701692566226106
14039133,0.8051177894691137
14012604,0.9968796698480279
13009559,1.2990555028389354
12017117,0.5329062433128491
12013428,1.467393199360365
14018960,0.6842407484815376
14100336,1.0803693827888114
13017614,1.142326860579193
13017300,0.6902632099182516
12016754,0.34517228886226287
13058483,0.7458089552446932
13059312,0.3863909005758863
12004233,1.0307099526289947
14012706,0.9574959389966744
11033781,0.5105698201725688
12011899,0.421779238305745
14011789,0.6904475360989512
13033123,0.3724112488310447
12007448,1.0678338966483003
12003610,0.627874173838763
12029109,0.4341412394347081
14012371,0.6679085785342385
11020784,0.9325844608691171
13058191,0.7503980314596679
12012526,0.6073849141338439
12024607,1.3505854543770157
13036012,0.37049970160037754
13027149,0.9293432601004739
13009268,1.4464430539506241
14002078,0.6655057285515312
12004801,0.366356974265217
12019547,0.2859742370074404
14013559,0.42043613323380485
11013234,1.0669111771386501
11044623,1.0535519761624335
12020737,0.3131254012833541
14016962,0.6593182868439762
14027610,0.3995723897457781
12028966,1.0794415252978802
13055063,0.5786749330002816
13028641,0.4194793032388015
12028702,0.5791768258364545
11012894,0.9526826354510147
13027468,0.7867688476109242
11022133,1.0711273125082719
12024210,0.9914115464676502
12008531,1.125408455825226
13051127,0.351490054543637
14028890,0.9973381559685024
13042280,0.7399557673247912
13039912,1.4297792299129148
12019772,0.7528926570148355
12027967,1.42776738349646
11021407,0.35127661901835217
11007865,0.7102971317310488
13033198,0.44368874164601046
11027915,1.2436473623282744
11013688,0.7390669652614932
13043608,0.6674182672000601
12007820,0.939847692294136
14022856,0.48527670256001426
11101318,0.7467833940859268
12021110,0.7662345495492537
12020708,0.5739687209076542
13063423,0.6451596719429205
13042258,0.3874581600966813
12025565,0.78276565474419
11032447,0.8140705144550133
14012868,0.6184558472374535
11026732,0.7094491111568927
12007258,0.37449574479291486
13035629,1.3096265056723035
12021032,0.31725778440579483
12015731,0.9662560424332508
14016930,0.687239959377335
12024611,1.0018064895269272
13048610,1.0023587457010215
12011816,1.0218229484505426
13012994,0.7705697423289674
13024715,0.7198712415424319
12004068,0.9947053207566615
12024293,0.555197011375985
12029338,1.1708813858638734
12028550,0.37287283232072865
12027423,0.9526822131757485
12020811,1.0889247691939437
13018111,0.6907723878769418
13004323,0.2473380529265082
14011850,0.42153526437092836
11007308,0.4287646210638734
11033342,0.727675008147393
13056112,0.6905002573683771
13040948,0.8187063013605639
11039792,1.04265740554199
13017221,0.5198230433076332
12025645,0.7822457492478567
13017915,1.0569525057262164
13004072,1.2810890183915407
11044584,0.6296437908664076
13032340,0.9526547312113106
13025323,1.2114166463329101
13016818,0.7245134939503041
12028193,1.4803817681397569
13032654,0.9724697200372583
12024672,0.854170582366625
14005902,0.6723087033487536
11044655,0.7856747516121755
11027553,0.5228123986813741
13003010,0.5557894276326757
12008336,1.016043228752578
13056091,0.7907020757400257
12020434,0.75268498548442
12019731,1.4192445269588243
11052570,0.9038618853444482
12016427,0.7356454130826766
12024147,0.9630147367422083
11051509,1.1301308316139027
13044265,0.5285795277464231
11046197,0.7792060741086941
13025881,1.3833780682461878
12027518,0.941936033780481
13057569,0.6842277040192738
12024728,1.1964056815723039
13056826,0.3917840010892628
13031982,1.2594226608590258
12012249,0.722874210653101
13049555,1.2434441631436588
14012815,1.04265740554199
13049796,0.37574318951935537
12021468,0.6397598411120918
12008878,0.9408702261373282
11014542,0.8390414433661898
13048525,0.38594898657138155
11101139,1.215680953008053
13040107,0.9977266472558067
11033345,0.7617745120560877
13020996,0.24144099614949455
13002716,0.5759029021245944
13043478,1.4434990702307358
11039536,0.2300651574511149
12004292,1.0621827900166694
11044897,1.234910143607698
11044878,0.8108580392152627
13005316,0.3626299395793062
14017491,0.8222385352707406
12015625,0.3921806206532812
11101335,0.4932641414875155
12015482,0.5529945654526078
11045108,0.7731893302247214
13020261,0.27957629073313806
14039648,1.038397376562147
14005779,1.04265740554199
11051521,1.2020781459601024
11028276,1.1251047777791983
13040848,1.4172051174495857
14006194,1.093764101992277
12023246,0.5114735988413446
11039124,0.6020437828806962
12028924,1.3290017962968526
12016665,0.36116986083724834
11045167,0.3742118748035631
13012219,0.7536652235022521
12025403,0.8416216657789465
13028136,0.6076752981403866
13035737,0.6019163052019434
12017430,0.8471799877484856
13101448,0.8524201322507543
14016820,0.6958382430555843
11018918,0.4682736575018315
11046500,0.4785927193933201
11039108,0.3681868132035987
12032006,0.9526826354510147
12008243,0.7392367624883412
12008309,0.9524144160929877
12012355,0.6858050427345321
13016879,1.0350018762205797
13004683,1.0312487302111726
13016171,0.7609645618817232
13004889,1.0966563286546758
13023777,0.7302168022323289
13035195,0.5099320306490285
14013661,0.6989479443553168
11014676,0.5967915191292908
13004316,0.7311798453530594
12008155,0.7870340651619011
13028068,0.6309681334090209
13058479,0.6341095994527007
11051461,0.3486173588427159
12023871,1.0922978198759916
13011101,1.3231842322755876
14013325,0.7791978372084811
11041170,0.5057527726570145
13027839,0.3749197308745816
14016702,0.9526826354510147
12020004,0.5101861190204384
14012738,0.8855479354803001
13042259,0.7038294016654075
13004260,0.9402147647781885
12016962,0.35934552761188904
14006543,0.9099605528449927
12019671,0.6705458600596386
11013287,0.7197735629855354
13027348,0.7410030605135041
11052779,0.9295306972501833
12029480,0.50025205025615
11047606,0.5749438964015464
13017068,1.1160426532677286
12016325,0.7250822935674459
12020169,1.2641934521448228
12100548,0.7732902607990708
12013181,0.947604529419876
12019883,0.4720616699875221
13028434,0.6169532943956653
13011737,0.7291644646445563
12008988,1.0309694944459284
13033932,0.5438097659772709
12023772,1.04265740554199
11038552,0.5736765098421175
11019182,0.5079272706689175
13049214,1.3972875732315773
11015320,0.7136002692113039
13003564,0.7673713341538975
13025483,0.38024165338588517
14018860,0.9605242807809202
12003757,0.9236839728969325
11038492,0.864913647761925
13035199,0.7528427888401642
13010400,1.011160824798015
11027446,0.7378661925179002
12020710,0.718903450943947
13018665,1.1178196138844247
13048455,0.34399317400261764
12015816,0.4888757283648536
12004370,0.6507802506484051
12019868,1.468001769370126
14019049,1.110384930568834
13049286,0.9526826354510147
14022939,0.4959767008455499
14017044,0.8379161282842024
11044557,1.3502814303678523
13017836,0.5102954190217056
14017913,0.64598564260321
12025170,0.939784215863613
12013224,0.7722441905503381
11002256,0.43750833026755415
12028190,0.637775942374738
13018045,0.27113517633131196
11033330,0.7150685020004128
11032253,0.6184127406734315
13003319,0.8995714960931642
13026169,1.3703263538594097
13025387,0.8103920069879145
12003862,0.30256229767651477
13035978,0.6892539972059789
12012146,0.28372340812811536
13024482,0.7108785175330883
12016984,1.452220586705482
11038319,0.7911925540382153
12027794,0.6148824146452984
14016629,0.7739908996579663
13101154,1.0696525833191233
11019461,0.7999199286773853
13003852,0.7806767293795276
11046694,0.5178453554558448
12013180,0.5413439707294807
11002247,0.3948233211087352
12007831,1.0073198558750625
13048411,0.38312239143761395
13009896,1.1858587715752429
13032450,1.2084059111077508
13004302,0.41457448292274185
11046772,0.7840846348009279
12009674,0.49808836002242607
11052009,0.44373420682031145
11026433,0.6119705718425239
14006209,0.7199081610457208
12017276,0.7313155404894723
11025275,0.5823579738565704
13012221,0.36753107468737395
13003214,0.7476329857182493
12024053,0.7286012331402898
13012391,1.0158539813788563
13035231,0.7379678248736644
13056668,0.4139329138193043
12007565,0.2469168694290844
12021352,1.5151363318118127
12023698,0.7223819480241612
14017213,1.051856832494225
11046438,0.7941667125917159
11026991,0.5878149231696093
11040123,1.1504060971323031
12020315,0.3882127191741784
12028114,0.37463169896068815
13035147,0.4798686580819161
11052027,0.22819327216861574
12011573,0.8991285804976932
14028512,0.7665345140737153
14012020,1.2351519355276799
12016720,0.32636080744066
11047439,0.49757636302230807
13016659,0.9526826354510147
11007277,0.9812360746697469
13004688,0.45426533341148617
13033029,1.1092146002459706
11037958,1.0889247691939437
14029315,0.7987982273140832
11046498,0.7825116103121446
13048540,0.6032800147626941
14038842,0.7085384765440041
11044199,1.335234156807866
12028980,0.5343763186714748
14028762,0.44710361947604843
11045441,0.7786311540355143
11052943,0.8999823184898529
13010510,0.7875669504706135
11047464,1.3144707150515615
14017696,0.9526826354510147
13011603,0.2786168116265283
13018886,1.057290380922648
12019660,0.36513510006333716
12016505,0.7524522045526539
13056832,0.3945626080169372
12021078,1.176669941561361
11021804,1.2246591049247355
12019194,0.5042726222223801
13035073,1.1321951926912914
13010836,0.6702596106181162
13017846,1.139378656271215
11027370,1.2140153215093783
12019600,0.6378678612056344
11038945,0.7760767120014913
13049828,0.43913277888273533
11014868,0.785407930565697
12019943,0.5979833128096509
12011415,0.3955327897521768
14012779,0.4548742023133069
14012340,0.4772431087198715
12011427,0.9035870574373284
12017269,0.7377162324435561
11020047,0.9526826354510147
13023984,0.4348513798534905
13026378,1.1990287363025123
14016592,0.47477715639392054
12008761,0.7791729069089183
13005014,1.2756159082172218
13009961,0.41102281940649626
13012272,0.4168619144098221
14022816,1.0275129429078438
14016791,0.4011257935214204
14012905,0.9526826354510147
11002281,0.6126561260018795
13028041,1.1785796427279847
13049068,1.1703857873945183
13101675,0.9526826354510147
12028618,0.7676934872796158
12015800,1.2692778367510111
11026207,1.0757730800400638
14013253,0.6659071537993281
12004505,1.1996736625179256
13100704,0.7660042153928656
14023328,0.6895987116989862
13005464,1.3028909186352993
12013467,0.32861717115710626
11025306,0.4682919774158951
11014809,0.4291654764173115
12004781,1.4557604332013012
12028593,0.784960848503799
14022460,0.49877455909836366
12015620,0.7274846969918201
11013065,0.6405505101018736
12001180,0.9526826354510147
13059404,1.2834059839060006
12012441,0.2820232076556416
14039366,0.4840850897278287
13004318,1.40152732562255
12015942,0.7590421572945851
12004706,1.2215889752395102
13019114,1.125444095692053
13049728,0.7265194111994633
11101416,1.3183684054232936
12011506,0.5779784881027714
12025133,0.7328787750951997
13025446,1.2502319286646273
12017303,0.9623485428829377
13032684,1.2025160844006928
13057544,0.7930303254728368
14013260,1.0364552020147941
12012019,0.27192256499755607
11038518,1.0654988631465592
14008397,0.5619165215194334
13017002,0.7925465253702819
11101425,0.444340115280176
13012830,0.5261887136430541
13034454,0.9067538408821203
13026030,0.6038797466791901
13010928,0.24220913352810047
14013086,0.4988051727157456
12009233,0.8035629570149471
13032390,0.3692569639278698
13055472,0.664870308319728
11025784,0.5934576617247308
13040527,0.45093569343786966
14101234,1.1709866408592442
12017060,0.5232090702335211
12011817,0.24306493136061633
12016986,0.8646755676193458
11037854,0.2723191055018344
11027740,0.8100385467141977
13019736,0.4795989163313537
13036053,1.04265740554199
14017081,0.641087261667655
12016667,0.8679019041539915
13018004,0.7072295935839873
12024255,0.5073465663743029
11044281,1.45956204383716
13041499,0.4861681730581685
12028389,0.5485250445233059
13028116,0.4482161455867592
13063186,0.38501878381057425
12027978,0.590117740172999
11033744,0.7293696165737994
12019181,0.7910667084668427
13016893,0.9727214251734146
11039428,0.5612991476928157
14028673,1.196509553058581
11033836,0.5617568573653848
12007162,0.8195438177051219
13004538,1.3531831960328082
11052399,0.8210226072477593
12028439,0.8083592253225218
11045847,0.23824113394706947
13041296,1.3670723374021312
12004410,0.47109547501501076
13003309,0.6979056785162981
12004138,0.8161187982078647
13004232,1.1071023624107403
13034869,0.49042300041040454
14018972,0.6010398151712217
13003265,0.5927720201203823
12028507,0.9526826354510147
13051868,0.34572091531255256
13040149,0.4678141423060414
11020349,0.9405434727101043
14022302,1.04265740554199
11020226,0.7784382027848414
13034773,1.058960829666214
13003421,1.106173430649975
12012116,1.242905636638214
12027371,1.180038711741157
14028115,0.5353737743468355
12027504,1.210293573206431
11007824,1.2019385218421526
13009969,1.0540059153742982
13017390,0.4234661000973381
13004649,1.0909737234676304
13051253,0.38310710724902997
12020388,0.7204022997649389
12012807,0.8055890226152121
12023629,1.2219534882242526
12011861,0.7621710060292473
13017931,0.3111780520966699
11047030,0.47653779447853817
12007439,0.5119292771852177
13011654,0.6405833688624343
13042851,0.9023535620611034
12012390,1.0536203444485206
11100937,0.5040215180578577
12004787,0.3513168505118038
13025787,0.7040542825145703
13004659,0.7827508809538861
13034041,0.9542986075270126
13016570,1.1041656960700648
11051650,0.2773742004073147
11013758,0.8036367561625145
13040208,0.9526826354510147
11047076,0.47450864434153783
12100200,1.1630960975231188
14022925,0.42484375737333613
13010941,1.2733244603597003
11046747,0.4666946973506606
14012600,0.9497899630979199
13019907,0.6543298792158774
13033821,0.5673550256324547
13010291,0.6813030223490039
13036186,0.6902632099182516
12019361,0.5889741383588519
13032792,0.36715836023466464
13009715,0.7620777001923819
14018472,0.9526826354510147
14018168,0.9526826354510147
12012159,0.4724341374472244
14028287,1.1911639791420738
12024380,0.7633344040937119
12025584,0.6914571355723088
12007972,1.0817599806473468
14039131,1.0257155588230915
13043666,0.7703999400037448
11045099,0.5722030520273489
12024773,0.2520980758262753
13020600,0.43748029618093165
13063674,0.7160703005752137
12008898,0.918099569552026
14022408,0.4324259943760032
13031558,0.4042502855512746
14034462,0.4174154832655171
14023137,1.273695238399403
11038482,0.828213508582616
13020615,0.5533834194685421
13064855,0.4335975550482877
12028324,0.5292591859695214
11025407,0.6935052948890756
14006539,0.4204526572788327
14018805,0.6072045815929421
12008597,0.898248947096919
12011729,0.7981014838417064
12020116,0.47908049106886386
13051113,0.7778667478988706
12004792,0.33132194359694966
13041768,0.820281172973598
14010726,0.4867951413059821
13033964,0.5822779526823129
13002732,0.8647619194691595
13035234,1.1918439419520446
13025280,0.6458404731867897
11052685,0.48377859627670866
11045988,0.6053284690071622
12007856,0.4236725173569516
11100610,1.0110042517106415
11052331,1.2635504444627494
13024718,0.42006552599951996
13021229,0.7734129852763049
11045681,0.8327003857036601
13058812,0.9835616075706671
11052012,0.36751620786321965
11047600,0.44942823882047295
12029432,1.3151943200714937
13064340,0.6206222883566462
13004913,0.7616437958613338
14023510,0.5582262205131953
14017531,0.6168781466707085
12023689,1.283025418338526
11041001,1.0851118595155609
13012411,1.509235633411516
13033662,0.7077836542160948
11046415,0.5641064894550283
13010240,0.5409560520037074
12025476,1.4625569220802694
12029209,0.24211179098843044
13048606,0.44942823882047295
13040870,0.34848809857952373
13017965,1.3914160500769952
14022864,0.8829176810955329
13051825,0.34788052825533994
11052494,0.6455073475395007
14017817,0.3775092470251819
12013082,0.265338415162111
14024658,0.9884396836846839
13040903,0.7047530580659411
12019697,0.27493723426087135
14023783,0.8190661417043792
11032026,1.1516698518896233
12027910,0.7799867069401877
13004189,0.45093569343786966
13027498,0.5737321307805981
12101297,1.2901753005025116
11037515,0.7933196774127541
14024599,0.5295151329998777
14033814,0.38552618565971636
14022393,0.4053198314783502
14028929,0.7844362717105089
13041561,0.26246874621201505
14034263,0.7173934038485494
13024721,0.9709472936943613
13050576,0.7393673130518438
11014257,1.0315670420744913
13026132,1.2011640832189365
12024815,0.24454366005498718
12028086,0.3854834088468586
12025023,1.0500737719115292
11100983,1.1114604716796286
12025510,1.2968184868904857
12003455,1.0626097861907051
13051052,0.2846741600156768
11052023,0.2451444059435949
14100565,1.1347029458013989
14008656,0.5063929318030247
12024834,0.9827515987486554
12012821,0.24182130279034245
13018524,1.2747234225126007
13026110,0.6727013660046939
12020663,0.3761300100918064
11020203,0.5324324292823122
12020767,0.3696296598314657
14016944,0.8602210681434466
12005363,0.6551451779722142
14013191,1.0936617238519777
12015914,1.2712553743591348
13041175,0.6035210372217575
11052420,0.6017445047409535
14012742,0.4727249700486959
12005148,0.675546192191844
13032138,1.266483465945562
14006203,0.7100934082210825
13033959,1.0782651456327017
13017695,1.4153970388601502
11021726,1.2942305201854885
13009856,1.1880591527388866
12011342,0.930382213464072
11101610,1.04265740554199
13101627,0.9008898924752203
11040838,0.7176733958924459
14016585,0.5610518619671846
12028791,0.887842144638755
12027936,1.028476509770386
14022225,0.4770161234484345
12020354,0.7368977912695608
12023196,0.3663342135266599
14028430,0.7676670090527226
13101043,0.708034943083148
13055903,0.6450654707211315
11101259,0.9138404862717309
13034969,0.5099320306490285
13026857,0.48915498331878865
13044235,0.2884179819907107
13010303,0.7387170624667293
13025915,0.7945870404777838
13024676,0.508304219014153
13017301,0.7043852784656635
13016602,0.4646575340657534
13049864,1.1886612336825215
13027932,0.5479725961026569
13035238,0.567552206672072
13016972,1.0889247691939437
12009144,0.9824485722595402
13010860,1.379526199561516
14034280,0.47904830064785614
11033862,0.43544042857852006
12019429,0.7871616270550055
11041126,1.0262075654773746
11051594,1.042848217980329
13026202,0.4487804158957119
11034319,0.8181054321425288
13063112,0.6351231270585479
12012501,0.26884030750037824
13033121,0.7939943875188199
11033297,0.5602118669460151
12008269,0.3732248293317065
11047003,0.6019396451397744
13049222,0.989108487363686
13057760,0.7867507225909389
13003411,1.1827980688849662
13063194,0.7416704774211581
13064274,0.9215814515261743
12025187,1.0075384757477985
12015920,0.7847215309928273
14101252,1.04265740554199
11026350,0.612549985905358
13012291,1.4155094581765213
13027528,0.36156755128050994
12009081,1.0668146069010107
13027460,0.9739837295575482
12011836,0.8737323886415759
14039102,0.8928358961780053
12011990,1.178368386596168
12007749,1.0996637229653758
12100748,1.46373056087202
13042237,0.9837574100021321
13056057,1.3662947672716548
14100553,1.04265740554199
12011621,1.1281664688311666
11013743,1.1956998984978409
11020659,0.7661080917622739
13027938,1.1901305201524037
13041525,1.01015831323008
13024811,0.2421432871354456
11025822,0.6077278713092968
11014367,1.27004255527726
12015812,0.7486325241656828
12004350,0.40512986411209545
13043729,1.0202283394552927
11044373,1.2503544812477723
12007526,0.47334235787206025
11039469,1.3662637377622633
13017924,0.5472345005239528
12004646,0.4720616699875221
12011790,0.6980137525182722
12009052,1.2815911088012861
11045756,0.33474538932532094
11051300,0.6505764200038803
13010729,1.2761377230016833
12021463,0.27500425991263333
11021238,0.7949824440393809
12023891,0.34282170053679367
11013961,1.04265740554199
14027011,0.6256155272861106
12012361,1.4143945656016248
13024669,0.6502161869744119
13049862,0.9526826354510147
13050552,0.5358862994906809
12029414,0.3626989563534363
11013649,0.770633263718506
12019472,0.5767767970313639
12028754,1.0183848259877502
13017372,0.7772466111899767
13033678,0.9991985876676668
14017963,1.3089655972703909
13011115,1.339873180333881
11052334,0.7113581335793614
13003756,0.9936484050741108
13018063,1.2074630102877568
11044533,0.3589110752065671
11034292,0.8265017141667796
14011303,1.2634435909559383
14017795,0.6190234869813095
12025457,0.7549446778655475
13026019,1.4481583886711682
11034356,0.7034756221330913
13036129,1.1593668970681847
11025983,0.3844802419714113
13012356,0.46459622067139716
12029378,1.2305549318211846
13010675,1.390408067571954
12032590,0.8201086628461595
13059462,0.4353772414415451
13101174,1.04265740554199
12019954,0.7443297630690904
14023173,0.9674940976985059
13036619,0.34804111435231067
12015592,0.9526826354510147
14028619,0.870475177005332
12016904,1.4458758451125282
11006731,0.844065901263008
13018296,0.3550646734239652
12028456,0.5701368872012186
12012106,1.3165979707493316
12019715,1.1916591914553325
13055233,0.48755431530613585
11026739,0.9724485620057317
12019921,0.6407020158681198
14034009,0.7952377317025876
12029343,0.31703980709811125
13050398,0.27559399937657036
13064865,0.7197543238294146
13033994,1.04265740554199
12016959,0.3652281402949506
13056198,0.5186878259000021
13018120,1.1390972867864955
12021093,0.35159133709220214
12016198,0.4438199519099159
11033069,0.5824923133376462
13025741,0.7793386359282901
14011061,1.387016145051497
14026759,0.6018051878468367
13004590,1.130093389777799
13011640,0.2370446548848703
11039092,0.6072610761249543
12019904,0.3769672164278022
13048612,1.3635049382367583
12028674,0.5300270505382901
13025131,0.7705797140742321
12005193,1.0086108827721285
12005173,0.6452259467479703
11033892,0.7113395459005066
12008211,0.7885774939969451
13003337,0.7734178705308037
11002207,0.6311243292750924
13019162,0.8312934058370125
13026181,0.6049474120067567
13056911,0.39337779830493524
13019096,0.762924975476644
14028970,0.6568067506722614
13026827,0.4423105615913119
12024929,0.37425492144144973
11013276,0.8078696587593032
11052702,0.5299148666298447
13048583,0.3478668221263143
12013218,0.29131392748736984
11028591,0.5393776941537096
13100755,1.1732823297258141
11041341,0.7355580899280887
12023651,1.0002304518305372
12025222,0.2436275479435416
14007569,0.9707884408272125
14011260,0.9108141825213125
11019388,0.36181056272168916
14012855,0.5151533531444535
11039736,1.0322556629681277
13028097,0.7795481142357024
13051152,0.6000555655944947
14033256,0.4145937316185948
13035573,0.5113132020604858
13063689,0.48306224413295207
12008997,0.7747439695642484
12007870,1.1375874930214633
13055650,0.7113347167834212
13019185,0.7740879740616137
13019636,0.9526826354510147
13050968,0.7326625095599701
12025188,0.24665530918797468
12005109,1.3776694436121297
13020317,1.2082942681261455
13028761,0.3733038202147845
14011245,1.062267297903385
12007875,0.7710154846829448
13010649,1.396136801934004
12008421,1.0889247691939437
12013147,0.27705179546602726
12005182,0.4783725937151971
13020560,0.7015883099859249
11018967,0.8249810672424744
11045057,0.8409028244829271
12100146,0.9526826354510147
13026079,0.8923138376709452
11047628,0.4291793362080019
14017548,0.5892207505945097
12015873,0.8369532763561193
13034352,1.04265740554199
13005085,0.8411513174715783
12029426,1.4982481826046503
13010528,0.60401531381353
14011648,0.8004042374132244
13024686,0.6134709980891864
11037681,0.4432140434500513
11038469,0.3679401699922879
11032659,0.8056590326741518
14006813,0.8786642966755415
11044437,0.2936764908257267
12024170,1.1047672766091128
11033314,0.7894892541144842
13024907,0.818573825865068
13027336,1.454085308162145
12016780,0.633772929327985
11050863,0.3513168505118038
13020753,0.6037261353854229
12019834,0.7747839994553164
13049313,0.9746670467042812
11033576,0.9224459334509838
12004492,0.6297153892045647
12028148,1.1306901459760292
13011176,0.3729325356378791
13013054,0.3548470549896871
11014326,0.39890492278583456
13043047,0.5323293135094357
14022902,0.4806061596646427
11046489,0.3881279700043618
13036560,0.7017634813365312
13056012,0.6070679732058519
11013760,0.4283705097615669
11033416,0.7322876932125493
13033481,0.2747202087200238
12019218,1.2875865507139437
14018540,0.7959252660646912
12012413,1.3844515094053471
13101734,0.662783446148351
13035017,0.5368852093532128
13043084,0.5011336366037145
12009154,0.8333514007098963
13018506,0.34259950438508874
12027802,0.5983264870388276
11013857,0.442091872031813
12025227,0.4737791843096237
11025265,1.2757788700273283
11045499,0.6830323606997512
13017967,0.6326608195685005
12003338,0.5531710638880195
12027781,0.8316612446073153
13020467,1.0080286040851185
11045855,0.35446627848185364
12004175,0.49458170421192654
13032796,0.37782106290967815
11044018,0.4385677199860525
14012194,0.9408440484583511
13041160,0.3043253946068809
14028550,0.9203953311242203
12011523,0.3513452735994194
14011839,0.3940070307846004
13058752,0.6290325182583645
14005538,0.8980984580675474
14012279,0.6605814824520171
13004702,0.44663759610940423
12031934,1.466170174252243
12004493,0.6106597406811486
13003192,0.9096138512404517
12100752,0.356458669015637
12007608,1.3672834416954667
13002959,1.0676039901312415
12013511,0.7255749072121489
13043612,0.2379748576456776
13042810,1.0889247691939437
11045160,1.4522645943543557
13020526,0.5769683724154283
13025237,0.6903842769979256
13035149,0.5932192353091604
13034663,0.6636060544750078
11020881,1.0325461196105068
12016971,0.9473260194435317
12019333,1.088873050088875
13042162,0.9941841703705501
13048474,0.24723459023900124
13042896,0.3461091226152987
11047021,0.6289112476155475
13018634,0.38793671797609897
14017622,0.9526826354510147
13057432,0.4425579852120734
12020465,0.8999534259220435
12009012,1.0151056913182301
13003326,0.7865210635470138
12004223,0.3977079197926024
13005172,0.7459985197888167
12100760,1.0889247691939437
13050890,0.8564143101975397
11021207,0.7122462714582838
11044361,0.8803648096016502
12023872,1.317604594126694
14007500,0.6821520039937409
13063198,0.5265554607876488
12029487,0.9906360122549002
11047304,0.8780855561064004
13027450,0.6747659331635996
13048452,0.6656325825369467
12011693,1.2753024254658232
13012088,1.2536692294883252
14013812,0.930234533145124
13019308,1.3206011974593588
14017744,0.7180048258615557
14012727,0.4916270823355986
12015526,0.23983883706453057
14034187,0.549575662259479
12009521,0.4164609046277018
12029296,0.23755205673401242
14027302,0.6319264582656622
13063470,0.6567016602759367
11050704,0.962993307493649
12011719,0.47681434432279607
11044595,1.0229784298091382
12024126,0.24500835056078818
13032311,0.5669951039305601
11026334,0.7591094204224131
13051240,0.9747947925754232
11034097,0.6945181042726063
12016700,0.7657777832274592
12027987,0.9969565447841238
13100781,0.6638428090269889
12021391,0.8567089171316968
11015363,0.4816675575749946
14013220,0.8725712597504729
13017902,0.819332634467857
14034700,1.1258976024426721
14005667,0.7884241652433274
12019899,0.9931728789949047
14011885,0.9526826354510147
13018695,0.42446581729403393
11034278,0.7723868421109477
13005322,1.004146928736659
12016793,0.2682054199023077
12027847,1.2040674847253943
13035069,0.7376199954155527
12009034,1.0341214265235077
13063183,1.2997833043502
11046372,1.3243386391994727
13018604,0.571843520976111
13043987,1.3253403435743198
14028069,0.6356336654327686
12015167,0.31934094548486447
13009925,0.49089584544316345
14012347,1.237078725133604
12019393,1.143196590079428
11021269,0.5463529464095306
13033225,0.7295961007145643
14018019,0.7435486634341547
13012579,0.7646881961971431
11038649,0.25166569237096126
12009454,0.5685580128186926
14028760,0.4623319933239116
13004282,1.0019959837138652
14027104,0.5687258420614186
12029116,0.9454527508670394
13032924,1.3525582784140968
14022359,1.2526419029697002
12012154,0.7946703154805794
11038434,0.6331641413878755
12024806,0.6986557153935072
13049169,0.45877842184689194
12008332,0.47109547501501076
12025616,0.23890965573179312
13025511,0.5096647388021351
14100835,0.9954812907964754
12016603,0.6416541120605777
12019521,1.0006421881913377
11051057,0.9326694138246294
13026668,0.71706676061303
11101134,0.44060698695449646
12016370,1.0482150487983795
13048604,0.8698647206971856
13003741,0.5405111326073399
13056261,0.6052834131789272
14013554,0.6984651785695781
11044614,0.27331939551844525
11051260,0.5898704272617902
12007255,1.2539202916780179
13057822,0.4312131141118396
11039587,0.6323404312836532
12004674,0.36554876693738847
13051799,0.2853891089376459
13011127,1.2565471278121578
14039585,0.5204754844121638
14016503,0.5937050337641112
12009251,0.6393282703142427
13012958,0.3405064375943851
12025264,0.44165620735539834
12005138,0.2878264943010518
13010357,1.2173404021606968
13035561,0.5038506072265637
13033432,1.284894730770799
11052229,0.631078041750547
12015574,1.1337139870846669
11039129,0.39193074517201176
14023432,0.6144988571568313
14006259,0.3967831863313594
13036660,0.2804456430448175
13032160,0.2760780540072375
13016880,0.6912717852438867
13043052,0.2374674557965355
12008317,1.2554467852445945
13049323,0.6262113080060137
14022969,0.7722026094629068
12012627,1.0238054589061614
12008473,0.25899796156902766
13003378,0.37728642051263184
12025210,0.35427189815861787
12028047,0.8001457537336697
11045739,0.9290285741689999
14033292,0.5005315016788859
11039913,0.78191371703607
14011294,0.6894514707377644
11051266,1.0692223587369294
13025169,0.7266893682892076
12023761,1.114017016568487
13048597,0.39192764730703966
12021105,0.21153211003034994
13059427,0.6126970498413259
13063830,0.7094531611734203
12028932,0.5335486320439679
14101487,1.1574480242967387
13051213,0.7587371482082783
13049601,0.784992963028042
11044750,0.9526826354510147
12004146,0.1958716489189815
12019702,0.47864850929197394
12015628,1.2928419852098023
12009486,0.7377737055767813
13056184,0.8685259230504547
12028049,1.0889247691939437
12018979,0.5738379834735989
13003693,1.0021410707800888
13027503,0.6795505769613345
13026503,0.8872791734788339
12017745,0.5565962508069073
13051026,0.5179230781757783
12029040,0.4979972831207055
13020136,1.1576864848053472
11013363,0.49068119645304553
12015904,0.30422906436080555
13019524,1.04265740554199
13042590,0.4605049189758118
14018415,0.6114090636873772
13100090,1.0694106417015588
11020839,0.9691713944574587
14100978,0.7679388674271148
11019205,0.7688634449283359
13026743,0.7429087577739927
14018495,0.6238633530212879
12007950,0.24210145945653058
12003429,0.390812236369716
12008201,1.187457086976588
12013186,0.6259019981834365
11032130,0.44081105813707055
12028360,0.47109547501501076
13050326,0.9030422747241491
13018667,0.3714977994419864
12024005,0.23824113394706947
12004044,0.9396439923021789
13032498,0.36359850822441325
13012334,1.3135053342948455
14029473,0.6331691089574791
12003625,0.2569073547532801
13009812,0.5937385193525107
12016356,1.0963281041797028
12016649,0.6550328278214077
11031315,0.9857661114900883
12003865,0.796378989122104
11040219,0.3469290249659815
13010430,1.4087183204359521
13035263,0.42950829707577826
12005168,0.5032680368924547
11045656,0.47676087522004396
13024800,0.4429280595100989
13100525,0.30006373318751767
13012406,0.5095469350300261
13048099,1.0084331634739812
13048478,0.3735188170035698
12032736,1.4871084320108512
13057287,0.7875938163599759
13025744,0.6036285989036345
12019633,0.4137526646913458
13027508,0.8690160166139801
14017427,0.7090840538432147
12023713,0.4303774003540866
12023743,0.48983993561526273
11014896,0.41374910749379773
13028050,0.5507237091284414
11031393,1.2144771911895824
13005457,0.8477290387104607
11013856,0.5237770460694546
12005521,0.7318447443283255
11045689,0.8359304222518295
13040909,0.7053946349802231
13018286,0.8049238716542705
14021336,1.2771226492928336
13026843,0.28226826734489724
11014416,0.4498947183179039
13027798,0.7861515252469146
13019314,0.37450851309475225
13017428,0.9526826354510147
12003392,0.6351781908665405
12008720,1.010704889532084
14027650,0.37605122920239636
12011486,0.813899628105822
14028548,0.39289046636017166
12027666,0.653410978016442
12011368,0.8814570821370279
13002718,0.7163596423211882
14033854,0.7330706186288181
12004449,0.467434506585997
11027563,0.3930610327012774
14022921,0.6434619665834903
11007771,1.0743766516051827
14039127,0.3560322088938147
12011889,0.8302045633972703
13050923,0.3445094243590334
14007522,0.5261174565641283
12015802,0.9636734892574275
12017319,1.363871910118849
14100518,0.47934715280337953
13025142,0.8032764323134219
14028553,0.5621966439570008
13057791,0.6312865218517796
14028802,0.779318215520732
11026914,1.255998398086312
13027941,0.3940046389471925
12004835,0.8125564599610375
13003715,0.3157185034457537
12015970,0.7714947662308548
14100816,0.4855350697981639
11100748,0.4402015956528057
13040205,0.6988115861630264
11008366,0.4709630485702855
13101415,0.5254198983826649
13011214,1.4234376937519084
13020455,0.7337727972412291
12015563,1.2144978895760346
14017405,0.8726139015359674
14016611,1.248552607366852
12021377,0.6943482338708132
13012371,0.24036940965992643
12025662,0.6971494744671926
13017342,0.8289362728296831
13017380,0.3729325356378791
13042327,0.4090394055510132
12029071,1.0889247691939437
13028523,0.7547429436152737
12003554,0.7758401174007216
13048633,0.584127021926296
12024870,0.9609007107671088
13020564,0.5509910535810055
11032767,0.8172064771048135
11051187,0.23967712255157114
12100149,0.9706428066867399
14022960,0.8890773106702897
12008582,0.9762031707795117
12008750,1.030983610785599
11033364,0.6624506343982567
12007641,0.35159133709220214
14008472,0.5176569475226444
12007808,0.510106765144958
12003831,1.2720260358140991
13042858,0.6048774829845663
11034887,0.499901676423665
13005442,0.3122985553633379
11025028,0.4693038429131092
13017182,0.9616645658860606
12007993,0.8062743370475312
13011368,1.300705401619514
14007172,0.6795693406166017
13011189,0.7252383170400614
13043704,1.514670788506788
12025569,0.7435078226482097
11044047,0.5138631356392882
13056838,0.6508061637512255
13024751,0.7645893207048815
13043761,0.9526826354510147
13043013,1.461810794970311
14034832,1.1296467033018385
12025527,1.2560320873285797
12008831,0.9237428665429959
11013888,0.43589783091500683
12024028,0.793605784845497
12028295,0.8042255407084822
14006709,0.6356605119486075
11045899,0.5042152294113176
12024767,1.2666629808878065
14033155,0.6505702648830097
12008186,1.108443399766681
12009054,0.9205587647619339
13010080,0.4901901978255848
12015544,1.2190082979349313
11019729,0.6823787372728582
12028576,0.23967712255157114
12024067,0.3968509977375632
12024796,1.3309215181111125
13035603,0.9203759405832588
12007668,0.9605678663952056
14002285,0.9374529826002849
11039101,1.06640417297194
11046352,0.7067113261049017
11020504,0.9071403247240976
14006119,0.7486779511211946
14028083,0.5361709824410172
12023715,1.2183073381428013
11044948,0.6522457832876207
12015165,0.3863375672078944
13035338,0.9526826354510147
12025041,0.680531321820609
13048886,0.8020055119865117
13041522,0.5656345939425803
13005500,1.0037863415283226
12023991,0.7259866051248726
13057527,0.41631738460897927
13011658,0.7494362489444342
13049069,0.7744403719320505
13056799,0.7351185986240161
13033800,0.7227638955683489
11028507,0.9697034610977685
12029132,0.3560862950444614
11100749,1.1475268074132758
11033255,0.5820326218632218
13049125,1.3338139362139896
13034500,1.4015484483135694
12012781,1.2135752461824962
13009932,1.0476647892137798
14017504,0.6777395076715175
11046121,0.38852277503838506
12013038,0.6847326008617349
11101121,0.3814735957012023
14024096,0.604507901187215
12004408,0.9919124145606828
12004799,0.9725759837167555
12027647,0.3456078793542654
13011457,0.7683345587098642
14033858,0.6015748721214029
11046262,1.464151800281768
12013073,0.6633594471567769
13026422,1.1814235334396903
12028026,0.3519344602100305
12020272,0.7143125943944665
13003976,0.7783135970446935
13005406,1.1933188723159736
13010278,0.5090733889142945
13058811,1.0740735030187682
11026281,0.9338496823923741
11045563,1.1767854844406211
11040848,0.5058355665005322
12016025,0.7028935987637184
13017410,0.9526826354510147
11046809,0.6687377405160773
12004788,0.7331080524296381
12019651,0.37500703855254874
13032949,1.3438397253369532
13101219,1.3896569848108953
13032465,0.3550862312945302
11019640,1.2548121183206822
11047201,0.527520104916474
11052071,0.8135383325698357
14027032,0.6521787218824335
13003834,1.0810884676200672
13057459,0.9251304124932567
13058604,0.430424604195731
12013343,0.40290821480481415
13034442,0.37887982103896095
13039548,0.9526826354510147
12008681,0.810924325838316
12023285,0.42323753959942634
11039169,0.7395049157177627
13003694,0.6365083073142874
12017015,0.42247979979911393
12029074,0.7408481262524799
13010843,1.4584254974878172
12024452,0.4929319257030359
13056557,0.8808983817308815
11021760,1.2985922344077618
14018422,0.6146757168741577
13048384,0.6342968896110099
12029337,0.43560282176532106
12100258,1.0672807749307769
14039598,0.3450618331475692
11051343,0.45109368060224875
13010706,0.35386777896912974
13003396,0.6004082820631407
11014591,0.7967523386986057
14021305,0.5620407026990665
14013852,0.5082444885046558
12028878,1.2043042703103657
12100577,0.3763467315396543
12004490,0.637097953416938
14033766,0.6000025272472672
11021785,0.6446136503675486
12027497,0.5617442027967752
14034319,0.7705271711965596
14021965,1.2271593819998703
11051470,0.5125896841498774
12028804,0.5388629876784973
11050680,0.47183250743548777
13032443,1.339054034377483
13063573,1.04265740554199
13027902,0.5497313616373638
12025485,0.8689772834337167
14034672,1.269839581637591
13034862,0.44930346191014
13026106,1.2255432403939202
11047490,1.2675920529721312
13034874,0.5177417342278976
14006205,0.6182720028322042
11027903,0.49299297010806453
13040220,0.7274146303366291
14101260,0.873256350887869
11002292,0.47317347632811535
12008334,0.37463169896068815
12008478,0.3527760084939084
13025968,1.090418220237811
12017051,0.45284654947345887
13017917,0.6976357428503988
13010327,1.0601018079592852
13011230,1.04265740554199
13056893,0.8208115565682219
13024494,0.7426764066352155
12012204,1.2369800940293778
13035556,0.43808458538271844
13050594,0.3611727313111078
11019471,1.1825570328834574
13011062,0.34865204877711553
13018173,1.0378736082019395
13018039,0.3528591004790808
13010081,1.203392516555566
13013013,0.28780423864066984
11041329,0.7487932515423507
11033313,0.5205664602204103
14027496,0.45840388087949685
13004311,1.193938576556842
13059191,1.04265740554199
14033927,1.126716167450261
13033928,0.507949341456045
11025277,0.5470073221567958
13050232,1.2390164375932704
11026948,0.930879144511564
12015130,0.6054020073069704
13018683,0.8597043611613817
12012378,1.0895069892821885
13011617,0.5407456394784539
13059469,0.9407238996732227
13060056,0.5099395382104048
13028625,1.1790096636482685
11045261,1.2422377184764428
11040069,0.7204269612728973
12012131,0.8076853000358956
12020219,1.1389413696297144
14023501,1.0385153813397972
13051784,0.9090482278960813
13004914,0.9359971521883721
13026566,0.9526826354510147
13018929,0.7977070125285597
13048465,1.2339016927183197
13011971,0.23848685482012794
14023285,0.8882501107736955
13025912,1.1070747554407199
13028742,0.2461013951886606
12027236,1.2133728461960904
11033356,0.8454794910391518
13017930,0.5191239453239618
13009636,1.1364091967230332
14006647,0.7137780194062426
13026804,1.1813215378950994
11026310,1.2708237509379514
13040230,0.2666058700917024
11039891,0.5250643883042916
14012356,0.6559557306916523
14008386,1.167175429184222
11041312,1.055412231465147
11038521,0.8582098390713806
14028527,0.4233713079117664
11050805,0.3511517569546749
11020165,0.9348476817575876
11039661,0.8869469379327587
14006252,1.0769469274744496
11038453,0.773878588249286
13033904,1.0029045178760547
14012326,0.43267731630753764
12020447,1.0104873820747242
12007525,1.0319161355077935
11028073,0.5391894662348584
11037782,0.8281637394892338
12028981,1.0947081533652985
12003678,0.9646175568031226
14034669,0.9075815517841214
12019436,1.199442162959346
12024045,0.30082266695348436
13049088,0.7677398336706425
13048616,0.4350934222893914
13010508,1.197522220474198
13042375,0.9526826354510147
13025514,0.6116483787678211
14017048,0.7910306453919066
13043703,0.36937907895337285
12009177,1.2974980243621062
12007371,0.5026862441842082
11013358,0.49572471401419826
13049851,0.38319107275057035
13042987,1.0977921179560244
13010544,0.5806084158742203
13005173,0.7498527408579693
12020298,0.6740184048639355
12024591,0.745738861977062
11045095,1.2961630748332749
13024725,0.8986562581099388
11027778,1.282231540138846
12011728,0.6960656784497765
12029102,1.235388935159631
14028567,0.4078044441756892
11044481,0.7559952210600375
13064767,0.60697743487843
11032059,0.3779037584345879
11027714,1.0355117519260075
11027502,0.9792502800930396
11050732,0.7863348014055401
13012329,1.179979930148059
11052669,0.6742288593867423
12024716,0.805472194403221
12008658,0.3470403772691796
12016361,0.3539691731971628
13019945,0.26326702730328205
12027557,0.47228617459847994
12029092,0.857887199609202
12003562,0.7087007702852294
12024047,0.38752051577709323
14028947,0.6033783489847415
12008225,1.1415240197447074
13034651,0.7175077862362323
13025884,0.3649020664732044
12024478,0.44412551998988065
13101699,0.7441660589702573
11025564,1.3273062557307238
13064175,0.5769838300883072
12008805,1.405496348430559
14022907,0.7809848503138871
12011419,0.6695059802855128
12021440,0.649034022580538
12020145,1.2031865679443279
14012787,0.8117832841964429
14016825,0.7248749454939853
12101380,0.6418480996766409
13034584,1.4649057639567211
13041642,0.3616749099464057
13041518,0.5499321834323719
12100393,0.6574653001827641
13043019,1.1224139742241919
13040569,1.2877201389711421
13035085,0.5973786258658178
13043588,0.8919121648504091
12029291,0.4382023596458167
14019226,0.6727889804639271
13032757,0.4545607560404716
13018688,1.0164128717935552
13024597,1.2523401189270489
13011771,0.9652912527398654
12024331,0.8489761401830404
12004402,0.6021822406988224
13039948,0.8606400844031066
13059324,0.8300943378686739
11032620,0.7518402739059087
13035739,0.5457621807135297
13032152,0.5911310463017063
12029488,1.175602194233129
13101038,0.9612833465071077
14023750,1.1027080672436103
13035806,0.8862516187128021
11033328,0.4790424396990971
11008344,0.7522408797483819
12004485,0.7024470898381998
11033298,0.7463407404170469
13035444,0.6081093912916111
13040722,0.8258360092745635
12008126,0.7827426283892497
11046465,0.5004253895246522
14039986,0.44511107172721315
12028238,0.6947310709434806
12019264,0.5336606441463221
13012938,1.2459893839959302
13064756,0.5900513967341168
13017170,0.6139843340980445
13040052,0.8493074846638387
11051500,0.6490901882992083
12013349,0.6949518902077385
14029410,0.7082708116040348
14018792,0.6453505075778202
14013482,0.9465044221113139
11014303,0.3938781436678206
13050207,1.4868360053567469
12015664,0.3640062336891412
11019953,0.8335167957050593
13019152,0.6056235213516783
12024117,0.5096950767255598
14029582,0.9526826354510147
14013626,1.0025578655823129
12015428,0.732356406384795
13034604,0.8339633727104773
14012165,0.9526826354510147
14007463,0.5125426547928076
13058706,0.7323551869892831
13024828,1.361290095874617
11031629,0.5116661563733493
12017088,1.0380726017838535
14023357,0.5889722058664012
14008025,0.5691569060039827
14012374,1.2513667291928992
11044564,0.795001413146332
12015805,0.5757307391586384
11045090,1.0461598054070669
13035908,0.371486118744205
11026422,0.8666308481844449
11019433,0.6097363732381864
12020124,0.485794078801519
13058046,0.4540950254355644
12004971,0.47109547501501076
14017886,0.9026636073363854
14006127,0.48102955299869904
12029089,0.45079312418856504
13049605,0.6683962676081084
13042527,1.1887395587097365
14006265,0.9798581945749021
13041681,0.36793217286735264
13047925,0.3032489693368436
14026917,0.5179119305977682
13043682,1.1081382707460472
13005313,0.7712236585224326
11013321,0.4214980823589853
13010287,1.3085557789421873
13041851,0.7540638741211596
12008945,0.5744792189232839
13003855,1.4520809049650354
13100951,0.6829697166353526
13020498,0.7911721466432889
13025209,1.0579503362588998
11052005,0.4654973604095549
14029347,0.7111082371339507
13024401,0.9529993576124619
11021103,0.7935707291554875
11046892,1.2691886038258111
14100863,0.9923456992328351
12004751,1.0527464873451253
12012466,1.223314333336238
13003387,1.2315613430722763
11050869,1.154689838012924
13011686,0.5297507156472336
14044225,0.6051680109566072
13031888,0.7810248270077049
12015280,0.47673693210315254
12020613,1.3578631138549146
11041146,0.9918750980178973
11027650,0.7675418735321319
12013198,1.285868223338039
13101225,0.7034152776061915
12017053,0.272462048477405
12008772,1.334940191192225
14011248,0.4155228945411054
11032438,0.690934965566556
12011456,0.37803096284664156
11044455,0.9747254146275826
12015320,1.010279073042708
14039660,0.9526826354510147
13019387,0.6097244653287602
14018007,0.42187071784738434
11038194,1.0333671730924006
12003802,1.413417454414793
13012418,0.40303442229702324
12003853,0.2884270752762554
14011154,0.7016622497480224
11007359,0.6840404130168739
12012733,0.7673990804341979
13050503,0.9820740421426392
13032428,0.3666407525301526
12007823,0.909688099653333
13048634,0.6313121501038552
12004260,0.870776905856422
13012101,0.36290724978193106
13055858,0.8286365342697681
11031897,1.0889247691939437
12012670,0.32227511817353177
13020488,0.964437579131769
13026858,0.29339746460899746
14028501,0.49377057118729195
11047674,0.9526826354510147
11015122,0.8671656959814759
12029048,1.1998927197476525
14028072,0.5770198474784412
13003841,0.6905666303460634
14034220,0.7133769580381433
12013460,0.6514083172010555
12024078,0.788783797929106
13041920,1.1034699329961657
13051882,0.47195749616000654
11032138,0.39202636745332825
13056013,0.9136091681984982
14018887,0.7040101167255364
12019008,0.3514282749314712
12027559,0.6840340518896281
13041650,0.315338566213616
11034523,0.9963573352225416
13004055,0.33886076701335854
13025547,0.9526826354510147
11026441,0.5513276865049699
13043388,1.0868341717692926
12021276,0.9966403079597838
12028066,1.134286791486868
11039137,0.7717950519982532
12024143,1.0889247691939437
13032906,0.458158632376139
11026990,1.011054326062789
12004836,0.28795010493941303
13033098,1.321085507921299
12020392,0.6068983866482099
13040799,1.067746172769314
11034962,0.777344946186459
13013059,0.7332351117048919
14010492,0.9526826354510147
14029030,0.3779165559801544
13025534,0.3469623354428751
12004411,0.35367346166968866
14022445,0.5442351810783388
12024764,0.37224295683848274
14034225,0.8487618047102526
12012923,0.9526826354510147
12100966,1.0181632770737654
12032040,0.4738631000724788
12020362,0.7635303607860129
13063226,0.9084875426692963
12003752,0.6056181903397779
13033893,0.5638533637243706
13058061,0.6636503720134678
11033646,0.6370405979362486
11051030,0.7976914540664333
13033045,0.24464573481136742
12023305,0.5410234172342056
14023711,0.8295719957858293
11033370,0.4464100059451197
12012777,1.2919666391204276
13017465,0.6526074552474853
13043232,0.3485206118055541
12011452,0.36421505105733487
13002981,0.46932634657795225
11044469,0.36128491106087873
14028402,0.7602098173216527
12011457,0.34788052825533994
11012871,1.2584789483847094
13028007,0.3636626985966629
12024374,1.4218875897498975
12016057,0.25509505022442136
13025092,0.9526826354510147
13033759,1.0073548413289795
14007627,0.3945626080169372
11027522,0.4352046914720195
13056688,0.8763582377536107
14012781,1.2665911802670697
13012375,0.44506379642365645
13012776,0.9923934457703516
13025458,0.43558335332102366
14019290,1.3179291335679375
13035861,0.3551152333990169
13048618,1.0889247691939437
11025662,0.45705182104738434
11013457,0.6979110953070713
13012651,1.2121525956895995
13026107,0.36485341764538454
12029644,0.8668808931022557
13017979,0.8542446500948412
12028488,1.308330040087043
13009061,1.1041734575652287
12012829,1.0889247691939437
12016409,0.6165699391303623
13042389,1.0816771838218924
14011822,0.6676565744318892
11053107,0.5302989933015264
13010734,0.9865004402921607
14001833,0.6034150671138945
12008086,1.4408797060770877
14016602,0.7035348809855276
14017891,0.8240773968686169
12012260,0.5875971340821116
11052398,0.7621060735082347
11028068,0.48122334361699687
11051625,0.8050058428973311
12027738,0.5632237491340045
12025473,1.2719139656797966
11020704,0.47548747405984465
13043020,0.8506693685288705
13020084,1.1270213073979198
14028334,0.5505510362594628
14011722,0.4004167835100139
12015987,1.4332081188631813
11045958,1.3893270468027068
14006679,0.7099283532201818
11014287,0.4272865941029108
13055755,0.454802721643065
13012399,1.183350189239114
14022761,1.1512390935567085
11052119,0.8695783010029985
11032684,1.0216921055140704
12027842,0.43857032834827103
13049203,1.1788867073945155
13036580,0.8774316348548511
14013810,1.249822983680975
13033710,1.1585129532424738
12025192,0.6958761764478015
11045080,1.299492077679712
11007476,0.5146962121505216
13064669,0.6702896684989096
14017084,0.4248578782891155
12004206,1.2376198300907033
12012738,0.9946845314666948
13056821,0.5901558935686871
13042178,0.721970073601598
13034457,1.1824651652707467
11041380,0.34251898042506435
12020630,1.4534990522953197
13049084,1.4070832374040965
12100169,0.4426850901019433
13012957,0.8213958983072726
11028406,0.9055400368928883
12025640,1.1774858047884977
12004045,0.6707505962091596
12019545,0.6941732017777577
12024395,0.43235072083689974
14012846,0.4531171097131719
14101233,0.7542263435194083
12016850,1.1982708557072272
12029433,1.282340222875665
13044170,0.6080583165594846
14100104,0.6080226612732084
13021021,0.9311205671302347
12100287,1.3561789801372177
12029083,0.47646353125263174
11027139,0.7642601874840801
11040277,1.1953774999509776
11020030,0.981101505273359
11045728,0.9696029065263242
12029427,0.577583277530997
13024649,0.7226550489328702
13026881,0.23891059105502324
13043597,0.8177352615055006
11045058,0.8045699368842125
14022957,0.7049968998939403
13044317,0.6854522875344131
11034204,0.7239538412875103
13011049,0.6237922273270906
12009131,0.3700945063866623
13035184,0.6234022428289632
12004009,1.3913293819140362
12023440,0.7780303894738109
13049812,0.7243666843356554
12012986,0.27654363618227906
11025872,0.6732613682307196
14029285,0.6347465903267755
14012598,0.7991786742075188
12008249,0.766696851298829
12032642,0.6126850899306477
12024179,0.5474381613592094
13018223,0.7137133681811021
12020894,1.2497957488770488
13040460,0.5119477556699757
12100958,0.6525879370205828
12015564,0.808543889125136
13010521,0.6272417511067786
11027990,1.0074190187984602
13056168,0.8013574857017446
13010793,1.4557289754754306
13056871,0.9382041714379693
11022304,0.6807063816249446
13042387,0.3318500812683856
11045198,0.7998491324255764
11019702,0.7068770861373713
13100733,0.6438325297857423
11040781,1.1453025854501249
12028020,0.7453549337317419
11033905,0.8657484167014864
12101152,1.2224441507747175
11033441,0.5098094731191305
11039644,0.9692683318718359
13034801,0.6861635161774299
12015324,1.0527162760644764
12025623,0.6936764922632771
12012671,0.4623841229596523
12023920,0.5555723688023293
13048434,1.0593328348175541
12019602,0.9542100117446952
12016250,1.1069465804562473
12020696,0.63503908859568
13012909,1.0711392254330074
12024021,1.20953555971799
12020016,0.9739529215044914
12020624,0.632489533630448
12024048,0.512232352361658
11034631,0.8881809163371764
12020036,0.27100106596947443
11002024,0.6767499896773396
11038487,1.0238523354348483
14018346,0.512148123972256
14002472,0.9526826354510147
13048590,0.2766583328469575
11032071,0.7724552713250894
13041515,1.183735861184587
13041135,0.5313763959634834
13017951,0.6479311635592286
13024262,0.49178421602921624
13043708,0.2732100335663957
13035321,0.23866393485873466
12020816,0.7517594299610706
11051629,0.40914144241419464
12019599,0.7919345955112748
13035912,0.4313239100970111
13032213,0.6901733855395114
12008048,0.8618579132198216
12016097,0.8157333224169028
11026911,1.1968504586079864
12005177,0.6011095605231425
13026706,0.73729731017487
12012188,0.5019809807905953
13032066,0.45929157023019335
12004300,0.5255460135316146
13019205,0.9526826354510147
11040817,0.7597555416364689
12015860,0.28889857300256083
12012850,1.1258225665096175
12024467,1.3240466683714542
12009174,0.36515445868571866
13042983,0.9149017557800109
13063137,0.7202526574873416
14044226,1.2879522248188207
12015596,0.5872434289796253
14012709,0.9445916362071347
12015997,0.7022357253172151
13102038,0.6305281072945275
13024299,0.5096298977769024
11021170,1.04265740554199
13017985,1.1136470678273833
11033076,0.6384930824178652
12011592,0.6454612743140784
13041625,1.1710153860203347
11013811,0.4782108985987843
13025454,1.369302413628422
13018429,1.2512801173667034
12021141,0.5110350572676389
11033043,0.47600868917061484
12025229,1.0049688211940748
13056887,0.4661514443908875
13051908,0.3468205240137092
14011264,0.7066175929891352
12019990,0.7320601247726292
13020436,0.37106720886012107
11033385,0.9526826354510147
12019153,0.3150607319400021
11051130,0.8860671782777664
13032478,0.2831097161178673
12004234,1.1077624462773743
12025642,0.28279562155195653
13010496,0.5790515949055355
13005086,0.7749866610804241
12020582,1.4234376937519084
13027763,1.2561386255958853
13059276,0.6057600155733475
13017171,0.3374065866601716
12016162,0.7870675693132957
11045588,0.8946666774696819
14033700,0.7231622447442466
11020150,0.4783494903098377
13013524,1.195426410363337
11100411,0.6230675462903192
13034913,1.2687740396459086
13058133,1.1016832415321987
12020744,0.38026519407222437
11034837,0.8132308306589096
13011656,0.7903333287348663
12009276,1.141078511228918
13101985,0.7655352121482945
11035480,1.0128102435338238
14011651,0.6256520403773294
14005635,0.6920440673125751
14100963,0.8156190525839832
11046771,0.6958953446980043
12019564,1.1545709962142188
14008093,0.8010783554604316
13010546,0.5095961550999908
14023177,0.9850845458250113
11014781,0.902190578179328
13010364,0.7262481546638433
11020228,0.7975695563023728
12029076,0.35070591608699886
11013366,0.48107017689917464
12024644,1.0339024240861994
12027589,0.9526826354510147
13025944,0.45703720535363856
11051249,1.193272369565192
12020029,0.8162904590706279
13004181,1.458857095821032
14001763,0.6785635669269204
14013114,0.4770161234484345
13048454,0.5974168523309125
13035937,0.36528564354285886
14028946,0.9745058705798101
11020243,0.39036020567388574
12012052,0.5062931688935762
13049406,1.048101361835074
13035164,1.4030600311920562
14033260,0.5096715521762214
11014364,0.9526181150772589
13027197,0.92316620453388
12023867,0.23655194303156468
13032226,1.335687633066089
12028101,0.7933888752843028
11051992,0.4432140434500513
13064237,0.9140110959433286
13059411,0.4667152595640021
12028633,0.6976122476942783
12020350,0.6504136293822574
13005395,0.7604123383983482
14017869,1.2705656885223169
13018481,1.0644462132778956
13026059,0.6793334385979324
12028614,0.29569677808837463
13024327,0.8674994235032791
12019042,0.7142139978657184
12008424,0.7189385970988863
13026010,0.6810016439172122
11013914,0.7192039191012336
14010862,0.7452570175107437
12016641,0.7410408342856492
14018592,0.6904418519885145
12005126,0.3782509131068793
12003738,0.9963684578520885
13018389,1.214930301754254
13051817,0.5935323721801283
12028854,0.7298363610096827
12027703,0.7408115720039155
11037889,0.700654584449981
12025448,1.0740948745661445
13031606,0.8433776053839042
13033774,0.6449311833839841
13018487,0.3642204915756879
12012669,1.3057410248377945
12008188,1.0599185951222012
13051194,0.3486173588427159
12005745,0.6621704962071052
12016165,1.1323814688851663
14012644,0.6895271390666102
14006356,0.8998370276834978
13011774,0.2370446548848703
12016774,0.4088789613818753
14011825,0.6965273084493347
12019219,0.9980415014626957
13042216,0.5312093731349153
13040177,0.6852849488436825
11032745,0.6001379964808321
11101601,0.5006098830451746
11045881,0.7315186691032164
11018399,0.544405270300592
13033633,0.9666007490909087
14005568,1.3136031208250956
11008332,0.7567541341114297
11101402,0.793758939313095
13028630,1.2774484157196253
12016783,0.7504007624208526
13019309,1.1055257366041422
13003665,0.2810508104477677
11026323,0.6245843235822268
12025611,0.3485901346685485
13004083,1.0958740197472359
13028038,0.34733659992228394
13002680,1.2719341491479363
12028175,1.1578666215761526
12021406,1.239901477978893
13012621,0.777757326274317
13016047,1.322116799735619
12012908,0.9542351466502782
12019050,0.678059860757791
14018811,0.7704510771268979
12025237,0.6244792857243809
14007114,0.9526826354510147
14006161,0.7215469060796473
11101000,0.7290510840657513
14027646,0.387761537120296
11024939,1.1828857496560068
12016075,1.0985928682777184
13058749,0.39655888125781785
12016047,0.7194387268218704
11008362,0.49724619582170604
13019643,0.6135176608160652
13050376,1.1948150186022475
14016729,0.7217376749259078
11021248,1.0939495802090646
13011601,0.3027284007936566
13063195,0.71924406295616
14011853,1.2756061149616449
14022866,0.9541812201272565
14028942,0.7429049592842111
13018981,1.2715423774395278
13025203,0.29664318733374695
13016976,1.0387364112038393
11019338,0.7847088807690958
11021120,0.8097360223924348
13024969,1.4074224362889975
11051318,0.3830881960428558
12020842,0.40884818987562566
13047916,0.6226856952854668
13026172,0.5984085642813698
13048456,1.290218920585187
14039630,0.6239344202005781
13043329,0.7776155353701293
12009386,0.9983798869278386
13063872,0.9230089670601993
11053072,0.4336548139948226
13017983,0.5396747060765599
13012029,1.2873240587309411
12029342,0.4469812242109859
11019507,0.7840376802130975
14022459,1.213482012170191
11040690,0.5333105732182765
11014432,0.9695318831456166
13019614,0.851872500187066
13033507,0.3770733240171753
12027368,0.36957611573479376
12008548,0.9467505924788208
11045055,0.44287721804689695
12003814,0.8135398102876976
13028379,0.8722152433615016
11038195,0.2976751341521833
11051849,0.7860901509981028
14029316,0.5349185850541351
12020356,1.4012315553578076
14022680,0.7010615120539978
12003667,0.9763894332871201
13048566,0.24943313457933544
11051133,1.1272681919138205
11052543,0.9479794307723856
13063025,0.9140491394565552
13012846,0.6502439065685408
13018550,0.7374588135248853
13004291,1.1769018557917434
13027933,0.8847416146895831
11019822,1.061909379870559
13035422,1.04265740554199
13100282,1.1522709483079636
13020620,1.089218704004859
13056104,0.7081063165328453
13019217,0.818580707458307
12015688,0.9526826354510147
12017007,1.0889247691939437
11028136,0.48424807688493554
12011347,0.5131369119967623
13051885,0.40986148763426256
12011226,0.7856597697897453
13032659,0.9222119461957053
13065151,0.4327621010987642
11013060,0.4236018698104623
12015416,1.018142994050488
11051135,0.38053689510880945
14013153,0.5565499301653484
12016806,0.6366694897744296
12007598,1.2225720061401792
13042616,1.41315775421463
13033962,0.39143519977887936
13017339,0.7282840257446425
14010854,0.5444721087761111
13049619,0.99891965287208
13050984,0.30848066597857443
12012169,0.8548857049912459
14011723,0.718118563573259
14014083,0.9400258796017326
14100379,1.04265740554199
13026128,0.5761944226417641
11026452,0.5791366499719174
12007606,0.2611761852584012
11040772,1.293243245890058
13012963,1.1591108619870227
12003990,1.0594253599088859
11045221,0.2509752544489404
14018066,0.9526826354510147
13032460,0.38083022789820026
11044553,0.9901275531321262
13018424,0.41623113208248363
13004265,0.7268930290751493
11040653,0.5239090763405012
13025488,0.26659444219227857
14013147,0.7105427787815124
13043555,0.7082166453125045
12024662,0.3584985957518891
13011213,0.7558681759648361
13018012,0.3713858937061558
11050735,0.6609290208493814
13042378,0.8335796797669951
13017851,0.7473358061144139
13025733,0.9729336886980269
11039254,0.26182073155422064
12015649,0.9696404855778941
13004223,0.35973358339109934
13009276,0.9902050069399877
14011412,0.6941787968996823
13018600,0.7230133542703199
12015983,0.7768123027267648
13042309,0.30127744226797615
12016382,1.2153386394567045
11020619,0.5288660550186586
11019146,0.5072946976442773
11007754,0.5080382366590827
12100029,0.7427335440024703
14021986,1.2277241985410772
12013446,1.19584874971804
12004763,0.3805633485385506
11013900,0.6419538871363011
13101878,0.6588811928874323
13010297,0.6462316796415898
14101007,0.42856609830997094
14018440,0.7211030540517414
12004441,0.37168433187232436
12011622,0.7765502898449606
13024727,1.0683158139863487
14011136,0.6101410179483615
14028150,0.3943910238622336
11026751,1.0392656142205967
11040025,1.2445491134289375
13036550,1.065811589551063
14007355,1.2587197324962525
14032650,0.643293012690056
11025178,0.9762744180417613
14016583,1.3107644907028735
12013211,1.3931361469484136
14039502,0.5077993220903374
13019975,0.37935656147633945
13057956,0.4563736660374782
12015364,0.9526826354510147
13064843,0.9712402604129857
12013021,0.6541579952315737
14029122,0.8188442484270608
14011175,0.7913378461315799
13012419,0.8230951258122219
11044972,0.3615364740553829
13040842,0.9123743748935011
13017229,0.42462090289334387
12003817,0.5739245798657822
13056058,0.6011111715939553
13004104,0.9428481364981457
13058119,0.7259455564351946
14017093,0.6996965702555074
13019047,1.0693631312992897
14018061,0.9526826354510147
14018456,0.532404752402795
12025204,0.9885308035974637
12025908,0.27844298141290436
13021235,0.379626363975198
12007878,1.034774931712348
13034464,0.5055905957147652
13020536,1.1404257671091858
12008210,1.246185190558376
12016318,0.7275187556107845
14034710,0.6032516697098174
13041461,0.7489903471454644
14018319,0.8378417551006434
11046512,0.6069272188125879
12027415,1.1442724896648893
13011116,1.0547995504753842
12016826,0.32024024689037645
14028018,0.7974982506407422
13035333,0.592245867728774
14022240,0.6807394057860081
12028956,0.2721181772476694
13011171,0.5142155493032893
13011094,0.8689589667400057
13062927,0.9875970221527739
13027510,0.34952166581744953
13009465,0.30584442120738603
12008743,0.4626666317841894
12011124,0.36386063071286917
11008303,0.7661916997091851
13026577,0.43274340198874073
13028581,0.7676684028397426
14006717,0.6643698208541986
12013472,0.68718418065451
13035941,0.5449099987180255
14013577,0.7684667223670207
13010900,0.5173931841314822
12016167,0.7027211672131861
11013217,0.909265854123147
13056823,0.41705282995304144
12004568,0.8389142735676358
13040209,0.6084016792303418
14101541,0.9528655996166164
13055504,0.5179420159596638
13028105,1.4587348062492937
13019790,0.48761233903836
13027514,1.0399471677961367
14007539,0.6646346473464848
13048573,0.2082179735460504
11101174,1.04265740554199
13009721,0.4669782083015154
13058805,0.6106285397576554
11045092,0.7684621490735575
12008807,0.8057651687421452
12016928,0.24767989288661227
13102010,0.6382921024105565
13056716,1.2405722476749053
12003856,0.7701479569350633
14033172,0.44182883960889063
13004609,0.9693417302440165
14023375,0.5682453290267019
13024646,0.54175230517783
14018106,0.7915074728820577
12100971,0.5679172085250452
11034316,0.9115636811211638
13003432,0.927085273481828
13009724,0.767725371040062
12017286,0.6799669082604831
14028181,0.9526826354510147
13040515,1.1674244770336644
12024677,0.8930091575474397
14029001,0.6211553820197138
11013389,0.7151800043519603
12028356,0.7293718377399808
13025383,0.4204928203282012
14012711,0.7190180694856805
12019887,0.6214086388155475
12015310,0.28655292123341874
13044297,0.7026864642403383
11015222,0.49164092171181323
13040634,0.6774083072745125
11043877,0.36554876693738847
12004177,1.4289855588822187
12100933,0.9526826354510147
11033577,0.9651821020298424
11045649,0.31576692537770834
14039545,0.6082882928621559
11021670,0.7199081610457208
13026470,1.4762517098761732
12017417,0.6283233136789075
12019805,0.7588712013443975
14021937,0.6425994310804025
12011823,0.8365071484997177
11050830,0.36753107468737395
13064781,0.748708325816136
14013258,0.9917263295116069
12028649,1.3943268233476056
12025604,0.3504059542194517
13004748,0.32405868663280685
13042046,0.4482605865787875
11033855,0.7685713195190566
13003431,0.7322453286688042
14022322,0.86535966019205
12011565,0.4393593955059903
13004135,0.39358152693176934
12021039,0.26659444219227857
11044900,0.24803058202086384
14011188,0.4146762126714298
11019195,0.7208502963458834
13011177,0.514414756571135
11006484,0.7013996107667712
11051401,1.0461365273313221
13011165,0.7213154234556063
12024727,0.7453815961054082
12012811,1.3975969926381786
13057566,0.6315469819422662
13017243,0.9112731605767983
13027391,0.9819298778477379
14024649,1.2888822070118207
12028011,0.7517427409937345
11050848,0.2643042936076712
14006148,0.4687504681353086
12100914,0.9526826354510147
11033839,0.4808207894054754
13059123,0.7768749408624691
14013713,0.940070961984193
11014276,0.8059415192729088
11025794,0.9413345394151146
14021785,0.7401653200158179
11008110,1.1809575506426941
13035128,0.8855459097866274
13019986,0.6413613652572421
11038339,0.444340115280176
11021783,0.48303446691328594
13009448,1.2729523575522856
12013128,0.25674029142968063
13017389,0.26003205595260337
12020949,0.7943870366206659
13011103,1.2597314187027235
12024346,0.4148868349922509
11051162,0.7990296735692769
11047418,1.2907294372999885
13017347,1.1851782464295082
14017077,1.0368396837281797
11033900,0.4435415704906105
11100966,0.9916385054772838
13002831,1.2548013509739637
11007811,0.8600063784948859
13058707,0.7810858294616767
12019672,1.3665481660958698
12008849,0.5074018333160775
13019877,0.6123217668818559
11044633,0.7704549671294281
13018372,0.8298135045523967
14011285,0.6814802717535288
13033910,0.6103970538153949
13050535,0.21903979633335943
12015889,1.1303530812879037
11040225,0.8608533867748211
12012436,0.515608765844755
11028611,0.5531316683803784
12008117,1.0459987814932188
12023608,0.24016098763420582
13034693,0.38807500133270273
13057617,0.9526826354510147
13024633,1.2898243375745335
13019782,1.0327283270670222
13042954,1.049155638446012
13040723,0.24917575233887732
11014814,0.5195904883170523
14039307,0.37246432757100195
14023053,0.71400839318753
13033014,1.4585461678679539
13017937,0.5765795753537852
11040832,0.575087097710127
13034812,0.2677575931332359
13035243,0.4392201776423249
13041373,0.772865726171645
13034596,1.1306057594329353
11014372,0.442803341920523
12025236,0.5082971051852754
11051526,0.5972472827762654
12011910,1.0889247691939437
13026607,1.0995834313932356
14023346,1.2566871781876663
11031463,0.38078247261695963
12017252,0.6924672696882702
13041836,0.3831312007344955
14023326,0.6791399495973571
11013226,0.8186443100297278
13043023,0.8795872509570479
12019119,0.430246022287089
13018068,1.4032973714267825
11021737,0.3561776623987552
12004406,0.23921253940204346
12009042,1.2069234583142758
13003489,0.8121748523945418
13024760,0.3645223128584978
11101263,0.9526826354510147
14033266,0.957038777326091
11025710,0.6597247679380547
12023747,0.7374951561004263
13011960,0.5516525634320767
13003418,0.7209438606570182
14024594,1.1456374631176878
11032633,0.5146339130522786
11046823,1.258348152909079
13100496,1.0889247691939437
13039890,1.3078862587214886
13025469,0.7081909185162689
12019469,1.4044103904696206
13057500,1.0053472081898198
12004178,0.780527003697524
13017219,0.3607482624493981
13004220,0.6798690837925152
14033830,0.5828357363037364
13024741,0.23473389415782214
13024936,0.4675284282038777
13064305,0.4291637274606351
12015584,1.0346390985352647
11032806,0.9526826354510147
12007361,1.1291203210530911
13004198,0.8532596053373512
12005170,0.6318385598772162
11044724,1.461769774500891
13033832,1.426460800055935
12025415,1.053703204728819
12011819,0.3973034054385171
12016360,0.6867614172621929
12020505,0.3026513000613546
13020551,0.3487848790034388
11019768,0.5573192081484111
14006031,0.4966695408745078
11040230,0.883316313793355
11052766,0.432459084794272
11021604,0.7539877524802447
12008830,0.6962345263518093
12016352,0.46538334836947404
11052021,0.3485387436497065
13043012,0.6922031719769975
12003582,1.4295757925096668
11021655,0.7666880610760626
13027438,0.9906385342472006
13026702,0.8725253527159441
12024507,1.2724743556144325
11052689,0.7739708183126092
13058625,0.7956043295270239
12016390,0.8382765638413943
11019748,0.48904674003248944
14021935,0.8005045364467633
12004611,0.3549806180157175
14021836,0.9239235634895714
12011503,0.2495100752478786
12023990,0.4970192782411776
13003336,1.0719963538527038
13019696,0.9950175637802513
12008187,0.8492403069375957
11045753,1.066463216120761
14039056,0.6338728877817733
13044216,0.7840528289446389
12012612,0.7747684246186755
11041324,0.7595078878195873
14012553,0.9526826354510147
12019382,0.7181859262797
11027425,0.7869434975880629
12008933,0.7987912581556018
12100324,1.1905149353418565
12007628,0.24378440666188503
13101265,0.9093888429067065
12021438,0.9086271955041612
12025001,0.6726962131448395
11045672,0.8186752129310395
13020517,0.44172527792422117
13017363,0.4657436813385399
14028144,0.5343172449957886
13034618,0.3601811955243558
13101996,0.6415990016887432
14033041,0.40654025880382977
14034288,1.0297925208252767
13101155,0.9269907159525935
14100540,0.591024944641905
13034831,1.2049252562728858
13010480,0.19396477606795026
13064130,0.3970003536962441
13017125,0.9757675763719975
13025427,0.9679204262178644
14016989,0.9390543431994662
13050588,0.720018371770219
11027847,0.9828820778351318
14035190,0.7816289175339936
12008929,0.35251760207667315
14100612,0.7371296356431454
11040107,0.9449193380031139
13005497,1.2511142812421516
12013525,1.291436674597774
13009259,1.300820493381453
12029077,0.4621550031363023
14033840,0.7143745422118761
11052641,1.021131910566232
13036403,1.368736742494099
11007868,0.8742082908697827
11047609,0.8630661336823477
11100604,1.3055822796605765
12004966,1.0475530926476826
11047075,0.4783021453507659
11034230,0.6060469056497747
13043055,1.082690355667467
12020946,0.35218311926171497
12008207,0.7965876551982234
12004783,1.3867588931396637
11040007,0.5278469848492573
14007353,0.8499046235914932
11038997,0.9804986346471348
13024511,1.1995551237747926
14100998,0.9526826354510147
12016119,1.1703733126459195
14017493,0.4228533039032883
13025515,1.0248029108039252
13026782,1.021740135803021
12015485,0.46185188066608357
11044343,0.3539071585078549
13020374,0.7874092109398318
14029368,0.6211553820197138
13056061,0.8950308722664333
14006737,0.6840795010256566
13019992,0.45963428685018903
13057338,0.3836616137980744
13012268,0.7347665867630055
12016552,0.4630070057143061
11034350,0.701216518227162
14029210,0.9288188903463659
11044340,0.7332768932260051
14033623,1.4234380378781422
12007914,0.7155840141186234
14019347,0.5948188860576095
13040638,1.4954586558220766
14016842,0.7501279166779701
14011985,0.6916373120543768
14016657,0.9861791468453016
13004993,0.5262201609298777
14100787,0.6872252651915939
12025629,0.3621941321991183
13024970,0.3683916303668682
12023748,0.767547164406811
13019729,0.7622661018938947
12015276,0.7828167904826274
13043746,0.3634087200147175
12017118,0.3033016438468986
13012179,1.436456644846869
14023327,0.39550913129410276
11039157,0.19125554557171018
12100437,0.3296089443620655
12004165,0.47232216706881053
13009799,0.541067019575653
12015470,0.7101480809562277
13003830,0.23755205673401242
14016268,1.27802544150973
11025841,0.7034821272321126
12025132,1.3585326136897922
11020598,0.5131598730093413
13057430,0.46283418291625167
13056934,0.8859522385929346
13031725,0.8980419232908236
11015341,0.5190011462974126
12004139,1.0042299969991446
13026003,0.9217215454821774
12007575,0.7459962881691358
11013290,0.7843444066072728
14028483,0.7974781701017554
12024751,0.68916573308786
14028941,0.37755410101083325
13026787,0.2831097161178673
13056906,0.6268469668078389
12012244,0.6229006921334108
12029038,0.6383867197858633
13011786,1.092512628173014
12009263,0.6091009643971937
12025032,0.7729232424832206
14010828,0.6846561965222026
12019695,0.27913204149789494
11044036,0.45075751323681823
13043691,0.30123969501755943
12021004,1.4526873797698798
12027746,0.7791707393285014
14013211,0.8046231791023741
13041572,0.4801156792138648
12016388,0.4573848299798945
12020375,0.37907956286009736
13010953,1.095776454932582
12015999,0.732640460499367
12004790,0.44561428551571075
14013316,0.5843446319278945
11051633,0.6916923640704412
13058189,0.4707781039455952
13004732,0.6036683575732329
12011775,0.8796765320351869
11047302,0.8891607537456321
12007757,0.9556817652279723
14022642,1.0225315234683008
11034765,0.3736315508513324
13039998,0.6726413072469325
13020544,0.7556803313514908
13009854,0.37291822876658776
11040726,0.5177048045708696
14022010,0.5216130534165492
14007565,0.6899263380574575
11027040,0.7971408635918451
12008520,0.8524771220248567
11007266,0.5059638899951103
13049724,0.9973977089301858
11047045,0.5071497191202705
13033008,1.3171091025475838
13025290,0.8510208673051655
14012102,0.6056351082452963
11047058,0.4741565047539329
14029349,0.9526826354510147
11044631,0.34587653524261575
12020230,0.6831640552542921
12023330,0.35279870793886703
12028669,0.5410964957375002
12016467,0.8928565471491694
11034313,1.04265740554199
14011872,0.9526826354510147
12021199,0.8070919019212495
13012864,0.7725652599041433
14028677,0.7677400308380168
11020161,0.6186992704308888
13034904,1.04265740554199
11101579,0.9658411960734214
11025720,0.915578329803521
11032736,0.4605159699759065
13043400,0.9393351223244815
12015835,1.0686385187097571
12008456,0.8540472317137051
13004522,0.6093116626633563
13059007,0.9359699494038626
11013858,0.47912957428538017
14011289,0.42100919754714794
13010627,0.9963455880057459
12007449,0.9457580398119864
12008603,0.4764091270691713
13041457,0.7910974546655721
13051050,1.156834600575383
11033260,0.8126560072322851
13034519,1.268316349269615
13034443,0.7747931324441006
13025699,1.0870198206992585
14011741,0.4265968487418575
13025048,1.120688933666798
12009280,1.1181916203218631
13050310,1.3831554981804604
12028177,1.2142089862491805
14023454,0.6373562007618426
12007729,1.245828001535798
12023905,1.2870303445546725
13034963,1.0889247691939437
14100614,0.7844185434535498
11044511,0.734180863092554
11013236,0.46935225123531127
13026578,1.3088766874902094
14033661,0.44942823882047295
13019303,0.7642519044341849
11051978,0.24284664862784294
13003783,1.0799622764916097
11028029,0.47687510748437245
13017336,0.45006002957389435
11033779,0.5073661432534543
13057749,0.48880912770219526
13034629,0.7951762507784385
13004320,0.9175513377256421
13004103,0.6267204780500722
12023753,0.7256150560230824
13024743,0.7681190404630605
14017206,0.7090096361205793
14006711,0.6647176461014044
11051563,1.2404854227353044
11020273,0.4375669836922374
13027621,0.2538257312035709
13051087,0.8377928638086122
13035252,1.273074144028002
14023726,0.5704876962567185
13026228,1.4561054068898656
13016918,1.063745644148188
11041352,0.42046182829480216
14039088,0.3918768880806373
11050787,0.4683561669280426
11101105,1.0125380098516958
12100949,1.0053288100112652
12021083,0.23933339196668843
12019815,0.9877628138232071
13041944,0.2915088292561614
14012460,0.9526826354510147
13051772,1.310206532676232
13017135,1.201132404691566
13034601,0.9666966007516444
11033830,0.6361113898693859
13040176,0.49338595548376646
12008326,0.7669562627034265
12023825,0.9526826354510147
12028773,0.9526826354510147
11041081,1.2512893203741968
13033262,0.3044418456726167
13004315,0.3636870488608914
11020727,0.4130557030931075
12023600,0.39960782890923036
13017355,0.8845133444628474
13019256,0.686441880219732
13059396,0.863963905938585
13016239,0.7433394390596686
12100417,0.759614966482857
13012904,0.5315557085398421
12007920,0.4945090167748142
14033812,1.0843177801509403
12004474,1.370366999952045
11033372,0.4046497504307174
13012126,0.9526826354510147
12005123,0.9808479688188569
12020727,0.5823068893408176
14007137,0.6391270100427842
11100802,0.6546901926148533
13034113,1.1656720031944159
11051201,1.0290558131331613
12005456,0.5094554070141115
14023234,0.49111737130475697
14012894,0.9526826354510147
12025094,0.7930676653012236
14011759,0.5176489065678732
12028393,0.9712906677415404
11014901,0.429599175338956
11045205,1.1189127404809158
12028639,0.9471812925848943
12019709,0.9526826354510147
14019342,0.7996917958866072
13012352,0.701360071500059
11007332,0.7071703923165437
11025749,0.5622412813789945
12101390,0.9123266671236874
12024479,1.111349578584826
12003536,0.6328128534478662
13020095,0.2909672963443861
13026795,0.7395683539835853
11052394,0.8137550190136581
13034624,1.0867086618912056
13040082,0.9749203553470177
13012383,0.3622925717632621
11051545,0.7307662556290673
12029377,0.62337526096148
12021080,0.7961242409738358
11045071,0.5324719437978517
13044163,0.7296456455681186
14026711,0.8144870059947533
14101264,0.9046175386964811
11045549,0.44843160719688024
12019543,0.35224639950819125
14028554,0.6256855925576285
13051437,0.7984032480454526
11007034,0.7641690422925472
13024003,0.7546760708054306
11041315,1.2454109816874233
11006771,0.4801123567433283
14022928,0.4143557147309695
12029411,1.2615111268696184
11101160,0.8774701033493894
13041530,0.5828882101169333
13048516,0.5468015787189554
12019424,1.2047739072994441
12020045,0.23773373209792736
11021666,0.5716440823940233
12005447,0.4939324532314216
11034769,0.38842656586313573
14027545,0.723559054005714
13043068,0.35611074058189074
12008533,1.0423452301679232
13050450,0.5892804778658725
14023661,1.160371683064344
13035086,1.2877609148318245
12100525,1.0248799345011705
14033536,0.5370838665256086
11040856,0.6362948778136388
12027932,0.5119288636430064
13002872,0.6220649019228266
12017000,1.414436033143621
13064530,0.48938635774682093
12028985,0.7925674270919478
12028019,1.0177905677731767
14035181,0.5109973062576212
13065177,1.040542364746526
11044863,0.4580844722273112
11052033,1.0862902274192965
13035943,0.7484491449289409
14023291,0.6378285651800173
13020527,1.4569556258194518
13019861,0.5689695495729175
11045409,1.0889247691939437
13051079,1.2457714853558333
12013503,0.3471758347380224
11051163,0.5654127774014608
13041621,0.47887378728801944
14034665,0.3967796429758703
13063591,0.9151442287926893
14043854,1.2933686575274088
12011846,0.57710983133266
13050655,1.0447538445271727
12011513,0.47479581776255914
11032900,0.4432736814539852
14022011,0.46512359105591455
12005110,0.8043784629105056
12020697,1.196718603866684
14029541,0.9526826354510147
12013547,0.4102441247487175
14023045,0.8702527526652958
11014883,0.38421549357055435
13010543,0.30278822753903945
13033830,0.3628675372010292
12100280,0.8236556315742268
11014108,0.7176304444333012
11024931,0.425894638019842
12007912,0.8351031209066615
11039061,0.34746493404730644
11015247,0.4237389646841344
13035052,0.6173581218467049
11052625,0.7511069870489444
11100202,0.7414183558121712
13004254,1.128470276297812
13005332,0.9168289231608472
13011184,0.5594152743035851
13043034,0.3775953151330753
14022237,0.6071329039858403
13017987,1.151937377107522
11051580,1.0508488428781055
14028073,1.3320106541300896
14028855,0.8245056943189084
14034607,1.23634993029114
12015887,1.194865914299456
14007054,0.5006708292624474
14028832,0.6670305521060821
14034297,0.7829379951962148
12016329,0.23994660874826124
13011526,1.4093837092271428
12021101,1.1573581892136648
14017719,0.6852968093198056
11037887,0.7032117897693709
13063478,1.2085378109523837
12019604,0.6892488677140084
11033178,0.5726573363997598
12008653,0.7361204608076717
13004608,1.0384655552002438
13043167,1.457093370614509
13005496,0.24548667156777856
13009543,1.2371060370960525
14006992,0.6627702704921833
12024196,0.8810400266780063
14023741,0.843342777914888
13101067,0.8090744735430129
14100499,0.7005538596796862
12028467,0.7223465103577563
12027597,0.9493778542062336
12029471,0.9310010424462223
14101010,0.9526826354510147
12017058,0.6389492388608119
11027054,0.48630574498857193
13035207,0.3325768223335308
12019919,1.3982751514405545
12013241,0.2964008829379166
12015635,1.0133295020796442
12015967,0.9817475789989039
13026391,1.0536144498177051
11013585,1.2374519556630514
12011933,1.3202405060455717
12020424,0.30495133860951595
11040179,0.6082231014853032
13010464,0.9404764377673243
13009796,0.43857032834827103
14012289,0.455994041055414
11033292,0.9312656649841012
13017955,0.5573817686873671
12023687,0.4438199519099159
13025463,0.35019773027185175
12003965,0.8145905485279933
14018756,0.9907942434557613
12008826,0.4951941753480807
13050852,0.5703754281888208
11052446,0.9659367182682443
11045662,0.8543135482737205
13010817,0.9866889692964333
13049807,1.484288259505779
11014133,0.8662185640291059
13063157,0.36095759542362776
11047491,0.4488223303606083
13032803,1.4566586144687361
14007945,0.7330080961732004
12003737,0.5267296333502436
12021312,0.9817938002978509
13057487,0.6154754052707133
13035615,0.9768010604526025
12029106,0.37449574479291486
13040601,1.3860814404348047
14016074,0.6422606242011935
13064327,0.4493424937308685
12100420,1.2489424225863954
12028544,0.8963241307215025
12009047,1.179956283879684
11026598,0.5707920179560677
13036013,0.6008497999398302
13012416,0.3668872203711858
14012163,0.6326857915146004
13042370,0.5398106486813287
14100646,0.9036814843785609
14027038,0.3478363287450375
12027459,1.2241947307950443
11033221,0.5678964582823057
12019502,1.4549427845694725
13019225,0.5028643738677148
12025025,1.0059018915802225
14022962,0.45403254210738403
11045619,0.8165012972469624
12028299,0.23890965573179312
12021047,0.5737148935972286
12024386,0.4720616699875221
13035870,0.6238775944203198
12019646,0.5292671448678611
11026276,0.4263703496391913
14033847,0.626267346911104
13017285,0.7128318496190481
13049844,0.8645582067571641
12015444,1.3423907638710697
11045716,0.7395607828122158
13018333,0.29112420938869255
12015593,0.7499442042590626
11045031,1.2514534132714374
11028075,0.46709616637018386
11040285,0.7164197123440782
14100261,0.6963167116300594
12015548,0.48971882684946505
13041809,0.8365668184313259
14007091,0.4770070122806964
11039698,0.6421574171785303
12015024,0.5939178691242387
13100736,1.3689495305631356
12019571,0.481055888040266
13056251,0.41851490427755883
14008382,0.4972164616052108
13056835,0.9567659118138582
13051796,0.6197379832475228
13011152,0.9896403548545497
11007781,0.7478576489212924
14021961,0.4589113229283221
14022356,0.5701833676206534
12008621,1.499414060323622
12028986,1.3177532060704298
13018648,0.7480444098071948
12004391,1.194694722112098
11101172,1.2812647297733404
12016853,0.34838182687123725
14026915,0.583178022101148
12029386,0.3662739454909281
11028049,0.4169089398779423
13049586,0.6816388064840705
13003802,1.1993139213740833
12100598,0.9473350832787719
14017419,0.5729940285447896
13057354,0.9027086256755282
13032469,0.5234400795980356
12008558,0.26397359993756636
13012290,1.0317585859290204
12100304,0.8565014259036876
13044107,0.4328155929375269
13035277,0.20265142738284683
13032322,1.0889247691939437
12023344,0.8564284948088827
14008423,0.6488979366634113
13028622,1.0190723417318033
14039646,1.0048838008129914
13017218,0.31333841710656646
14005636,0.6470960873599984
13032938,0.8016178995164377
13050617,1.2272478052339164
12007462,0.9623560702964682
13100697,0.44583384110571006
14029829,0.7072495456994673
13025170,0.8321052058323579
13004735,0.4228878106847416
12016691,0.6045370116741922
12019450,0.9909023533013069
13035775,1.0427325828667267
12025488,1.2120750882817222
11039617,1.1063122005983552
11033353,0.4992345801355793
12008844,0.7829302507362165
12020038,0.28548977098461636
14013282,1.0633719629220257
13034622,0.4573799727766068
14012728,0.9526826354510147
14006681,0.5350751825867333
11044379,1.349251429762344
13010477,1.114724541748287
13043717,0.9210974959125816
13012368,1.0614966680030096
13017181,0.8779749353401317
12011912,0.6102880096373964
12024844,0.8152842750933545
13036593,0.9712992974779203
11051123,1.000074936659391
13049875,1.0794636650314144
12101166,0.7538989625765266
13012973,1.3818215081625558
13003566,1.3806420568445903
13028008,1.3576387416337332
12021024,0.7131776252777834
11027928,1.04265740554199
11014805,0.7447853653022101
14027501,0.575604151844742
12005549,0.48154364053678045
11038647,0.9445931384178036
11033824,0.936550713771537
14101248,0.685156574640705
14012324,1.003791849967656
12028661,0.9152195263285029
13050331,0.8128396552112
12015765,0.9224900340911876
13018875,1.438061258266798
11051074,0.36100318150477567
14013763,0.5672493820645036
11019067,1.2808422417648304
12019380,0.6848242169057115
11020771,0.7169295819389505
13009951,1.0063327321190736
13010258,0.6187432387671018
11045710,0.37463169896068815
14012022,0.8466437117051119
12025788,1.06469635200891
12008905,0.6267055457314332
11039105,1.2873270451244152
13035251,0.7416078391402273
14028085,0.7957068301451962
12025418,1.3987827523710459
12027356,0.8223322590718003
13004601,1.473652137656515
12013393,1.0129448798902305
13042070,1.3152258957652974
14019041,0.5327670459470784
13049147,0.8311045390852354
12004029,0.7080576326326526
13042300,0.36814171092749226
12003671,1.2851683319585112
11050792,0.32327397612452896
13020375,0.5892591822114045
13026886,1.3543380561543787
12020324,0.7286690231237557
11027270,0.904967498232062
12007583,1.0039708677853894
12020798,0.9526826354510147
12017441,0.638798026021843
13026185,0.633162412235375
14022564,0.966628815552894
12004759,1.1668486531274689
11041377,0.8475912956964889
14022777,0.5056878721793547
11019675,0.49958345409467797
13026820,0.7068860714239475
11014346,0.48187280622505363
12012934,1.04265740554199
13008961,0.24404279185585476
11013323,0.4366891746494855
14016300,0.7798079775476815
14023704,1.3782281361561868
14013707,0.7508993725536193
13026459,0.45429166149214706
11038525,0.3531542447971328
11032740,0.42850945557447007
13033929,0.7845871633490853
13049861,0.8931774175836392
13044063,0.6144639528268336
14018457,0.9526826354510147
12013199,0.8497902329545116
11045486,1.0107682051299702
12101370,0.5090156137452615
13034650,1.0624057015819368
12007970,1.1669043380016035
13028093,1.2196514679868846
11046258,0.7256558648869497
11032119,0.3958624266425993
14032729,0.8688809111070073
13027440,0.790047730369363
13018477,0.7651887762346088
11052546,0.9298343663260238
12005595,0.4488391866251713
13010197,1.1262960858451307
13039960,1.0459552624833952
13051927,0.8568406540257908
11051206,0.7501710758254927
12016373,0.7700814982719868
14034520,0.5666318441501256
11027702,1.04265740554199
14028542,0.5091815396784773
13041629,0.3439633173930535
12023980,0.7039588826558938
13059467,0.7401911962440137
11002218,0.7072840979138397
11019070,0.6717791848709597
12011951,1.3222600269270561
11053151,0.9683208388213472
11015190,1.0334004916389299
12004738,0.7814769430150089
13064086,0.46833499789164873
13025089,0.38993280943691233
13033061,1.1067359684357017
14101071,0.74863310134252
14027658,0.4769197680875791
13033022,1.267610590001596
12000840,0.3373917382791425
11047288,1.3040610563053177
13024813,0.6903809598322889
12013534,1.1909940423202776
11040129,1.0007712811729028
13040031,0.3916629764792029
13019597,1.4013767694418646
13009547,0.7711601731916475
13027329,0.4088898301874552
14011327,0.872147853153032
12004145,1.2879830966900148
13041422,1.38214794561395
14100972,1.04265740554199
11045081,0.29023898785687197
11044649,0.3891846661677835
14016617,0.5363033550347035
14034389,0.3453967480875317
13043368,1.0889247691939437
12016740,0.5462776797122877
11046355,0.7992314925933782
13064632,0.48485478110845703
12025511,0.9526826354510147
13004627,1.0294481178209156
11007297,0.4284411025859766
12028686,1.179925932464425
13043634,1.2434448691137718
11037452,0.501226793372329
12025637,1.1019318658423687
12018855,0.371729521857672
13057208,0.7987375074426676
12007508,0.8192462897943815
14012607,0.7781504037594223
11021768,0.786120301693614
14018582,0.4682633971816555
13036675,0.4640179555155126
11027576,0.3675451060205419
14028982,0.6738525443956673
13019786,0.7988120516460959
14017834,1.3048723057933058
13039549,0.9526826354510147
12027979,0.36356663363378217
13051890,0.42492677889015673
12015298,1.024312681517823
12025571,0.9755854049632668
12020049,0.34458660192390056
14006016,1.0611935806374744
11027084,0.8960547597581308
14012351,0.9526826354510147
13017841,1.113322512433857
13064321,0.666420982486853
11040764,0.5402656355865205
14012693,0.45451837550264684
13056598,0.6656136457851022
11040683,0.7735574447446468
12023802,0.6737542476716837
13024700,1.374184112245902
11026856,0.7539065460366139
13027707,0.6831382052384456
12003837,1.0278157905108842
13042884,0.36561556601655376
11025655,0.777527542907703
11034944,0.5865319892907589
14027745,0.9181218068237718
12012563,0.9024547045800546
13102000,0.7896474541722724
13042690,0.3665562898751827
13011773,0.7002902312000111
13034914,0.45026918142154204
13028066,0.6779010488812302
13033281,1.4148117917499037
14007797,0.565712951462647
11101144,0.9526826354510147
13056712,0.45806738891960314
13027359,0.4283449677893488
12011844,0.9362969614272765
14021964,0.38980725402652316
13020158,0.5045880860510702
13028529,0.34987080133715226
12025304,0.5976870619570065
12019454,1.0594068963455705
11040734,0.6626315374739563
13040773,0.3062273313483943
12028305,0.5015759425459548
12011605,0.37000787704645405
11019939,0.9842994570340484
11034417,0.5788403765204515
13010717,0.23755205673401242
13063474,0.6422801137471217
14033325,0.5951805668877233
14007506,0.7868650597433963
12008544,0.2396437250780109
13048226,0.334894975768815
11032171,0.6050943298798638
14006645,0.5448079934426483
14034758,1.030062915751069
11052762,0.6158203576171415
11044261,0.30954360614631893
14017835,1.0492524801183851
11008235,1.04265740554199
11026243,0.5594932884781961
11032185,1.04265740554199
12027966,1.0573615296673904
14007593,0.6754766024441571
12005214,0.5171336433030977
14035078,0.5135902223076827
13019585,1.0084876628739867
12027958,0.9646345227450748
13057993,0.6980934700214906
13012241,1.4603186691704906
11019174,0.4873690910860811
14034714,1.0324842219032682
14021629,0.643293012690056
13102013,1.04265740554199
12017067,0.8085106166158337
12008082,1.1828525304102688
11031737,1.32707895726489
13027268,0.4192515196470368
14007919,0.4555878134124146
13040425,1.455466274715845
12028483,0.36892376514651204
12015208,1.2783969613894008
11051990,0.24195868051120833
13042264,1.4566579761263367
12023310,1.0260685679334944
13026173,0.8303891850155324
12007461,1.3893396894952783
14034398,1.1858021389542044
14039132,0.6706513128258298
12015963,0.6171727885010625
11025774,0.6182285859826959
13058243,0.7893180554859317
13035959,1.0973254338211273
14012548,0.688664138101709
14027215,0.48364608423598954
13039602,0.8445218986518545
12011882,0.8047402595805764
13050461,1.088518424416499
11033667,0.5387080872929549
14027466,0.6617553788470434
13063576,1.0357758616292714
13049877,0.7048075385466227
11027848,1.0647790784392148
12028330,0.8476726000761478
14018950,0.39460341455925024
13063958,0.6074925741136908
12013212,0.5725598249871511
12027974,0.7001882884874544
14007014,1.285444510037626
13009491,0.6712351456935689
13056098,0.6458631369451786
13047791,0.9903475497675309
14006174,0.9172951539999549
13033217,0.36422960175606434
13024838,0.9526826354510147
13017991,0.37463169896068815
12027602,1.450425185153386
11045361,0.7849030087658331
13018046,0.35964161538363165
14006651,0.791343470707349
13035980,0.7845718755504312
13049784,0.6776710322119932
13004227,1.0021683876875302
13011409,0.7334352833439617
14022776,1.4211890666559415
12008652,0.9526826354510147
11013185,0.9593602917399907
13051031,0.4816571956354807
11040200,0.6886167953556456
13026491,0.3007821787105881
14012033,1.2381042732419845
12011674,1.1768265242359268
13101635,0.432459084794272
12011827,0.818023149007015
11027762,1.052439478651392
13018556,0.6761748362509643
13031798,0.9526826354510147
13035218,0.2379748576456776
14028980,0.4641252618402801
13011831,0.2879911964744428
13033889,0.4817490875328789
13027965,0.6861299781695915
12023421,0.9862809001522476
11044345,0.9894176699866258
14012370,0.6513677820196174
12011480,0.27209001751578255
11046290,0.7095266500869496
14023341,0.5084607331196921
11021175,0.9522564540495595
12005081,1.390505117808483
12029886,1.1302448908038394
13041622,0.34037324926180285
13033153,0.5087751501551623
13049092,0.8622338974174636
11052299,0.8259341130321569
13017550,0.8389905014788706
13056847,0.5178569044550629
12019047,1.1395246977597189
13058814,0.6993164484714156
12020050,0.4877286413808708
13040963,0.9526826354510147
12025663,0.8024440229502975
13032431,0.23755205673401242
14017033,0.479984278625738
11018136,0.9402517595055054
12012856,0.3226034565467149
11052000,0.6226778230648292
13019171,0.695933873422783
12013071,0.6414830157973148
12011447,0.4360348600026356
14013281,0.8293171008338098
12025475,0.757296253795225
13051130,0.21998775295444797
13101025,1.232894745533019
12015530,0.4016507705404577
13042266,0.9177575525547234
13005179,0.3794120935854173
13012511,1.2770627077697219
13048754,0.5525967483554726
12029049,1.2094672805733226
13011280,0.8492786373203975
12023771,0.9526826354510147
13042262,1.4592844789433599
12012773,0.5017937326277739
11051188,0.44871416939784337
13034390,0.8285275532154135
12008212,0.481876040206856
11045255,1.3409483749972428
11020653,1.151547438298169
14013683,0.5472945281074952
12021113,1.360787943669672
12009217,0.26616665103536524
14013349,0.6627445238873736
13050949,0.674538974411482
14012673,0.41135173155719484
12012813,0.9790208346471981
12019054,0.45395056802301303
13051014,1.021324445622044
14018913,0.4148503458398728
12016111,1.2418921733735018
13040146,1.3601232576175177
14021941,0.6610804029280317
12015685,1.1779267982979542
12008204,0.8121501615532312
11007167,0.4693178678414388
11047082,0.9663340884106213
13050604,0.3816189518773458
11100629,0.9526826354510147
13027779,1.260945401708081
13032584,0.6887790398499962
13059261,0.8072718654457577
13049879,0.4186450205772146
13034285,1.075722435552536
12016021,0.7537207817899743
13026016,0.39091026923839706
13018018,0.5757020745671413
13011004,0.7651543401717379
14024026,1.0070332005027745
13042181,0.6474716893950504
12009163,0.9445913435536181
13042229,0.6702066442197402
13017369,1.0731288480399395
14023332,0.9110914312606746
13050616,0.2000186520640925
13036325,1.4437298070402682
12019113,0.24114151415048884
11045251,0.5879091186460138
13056185,0.4595132551318274
13002626,1.0964969412817995
11046580,0.6602282373190191
12016369,0.3729325356378791
13057051,1.080341687833602
11033799,0.38993280943691233
14012889,1.03285708373497
12008171,0.7659077070552996
12027424,0.9431206730534747
12027706,0.4168636694303784
14040532,1.0500334141511865
13049208,1.3760994747917017
13017358,1.4234376937519084
12023983,0.3575797387542972
13050974,1.0388128523297793
11052964,0.5855018559457054
13055873,0.8497380884319338
12011911,0.9526826354510147
11026421,0.5041312147133665
13041590,0.7074336172973942
12007564,0.5778489912774986
12016117,0.3245405287230349
12024024,1.289955021378081
13058247,0.5941011947789012
12008195,0.7784995248427634
11040804,0.7559068332736021
14018060,0.9526826354510147
11014783,0.9025333857371534
13019179,1.3189222062120183
11021057,0.8285094965986219
13010499,0.5023621604498808
13041540,1.1151880233412985
14018751,0.8231243642477294
13025314,1.3892918715010165
14018321,0.9526826354510147
13100746,1.4280708540352203
12028256,0.5736368982877832
13018044,0.35383227194049155
13056265,0.9526826354510147
11033186,0.8193050576388523
13020308,0.48694325598615085
14007622,0.7181705979718028
13100956,1.0889247691939437
12021017,1.0980844273841348
13101705,0.5581697600882894
13100470,1.1083195079301478
13033884,0.3786110335924719
14033767,0.38552618565971636
12009170,1.2826714325290771
13042886,1.2133019793379813
14008403,0.3395069305933189
12020545,0.690037956965546
14016630,0.43566144914690436
11019744,0.8728400108926099
12017450,1.3364037181990478
13036653,0.76938496981379
13101175,1.04265740554199
13012742,1.4003208765303083
13042847,0.41644206710654946
12100268,1.0011714955722144
14018748,0.791614204037772
11039034,1.0038218095155478
14034498,0.4448727354351883
11045872,0.34872215828841996
13035730,0.561824827873229
12019977,1.2086510010552842
11100651,1.2610642721664989
11039609,1.0595763954812483
11051141,0.5162090075862243
12007466,0.6598028769147071
11006983,1.2048776397380523
11025863,0.7383897940837695
13011752,0.6826865271085459
12020639,0.905416042522806
13025217,0.9603721028333662
13056093,0.734970817392705
12028560,1.2567171450428694
13043521,1.1055177482772978
12020704,0.43930865765713945
13042321,0.23815653300959255
13033220,0.5573677730215555
12024246,0.597607065185857
13041617,0.6602395746317181
12004580,1.0270679052865033
12024305,1.4907559560254002
13058120,1.0855025667773561
12015924,0.8314731810229036
13049158,1.3111059819255482
13049640,0.5230592106171312
11040275,0.6656835871611858
13064800,0.5038051861491444
13051577,1.260872797647876
12009204,0.4924687743444587
13034938,0.7442704214571111
13018911,0.7481797709926247
11047369,0.6797942152211561
12028707,0.3511475497503276
11007803,0.3864609837458319
13003407,0.8773649562867059
12009029,0.6274611631520165
11100783,0.5006786117353991
13058746,1.0442899835680834
13025060,0.7110889484901576
13040115,0.7108785175330883
14016670,0.6954276962567347
14039183,0.9214180122778945
11045624,1.085483087387805
12020970,0.2399100013794028
11039127,0.26659444219227857
12019759,0.30005927014847017
14013109,1.3676379617469567
12025191,1.4683766707028638
12012479,0.37163888960090374
12005145,0.36276316802751585
13026087,0.6109959025777314
13009876,0.37711379003850726
12013243,0.8248369610094498
12025179,0.23925432163990595
12004349,0.6434887404727477
12013032,0.4978366629411967
13101684,0.9363633690879396
11040034,1.1262237590744697
13018540,1.0285566302141629
13033763,0.7754156579788265
14039651,0.917143309779906
12020323,1.1094840750446588
11044555,0.518866040420096
11039297,1.2732528062265436
13055460,0.6064042046492653
11045856,1.1151725973357878
13035899,0.8808799200442877
13012173,0.7927686761912317
13019136,0.3622925717632621
13026783,0.945930983438066
13017297,0.2422192019858597
11100402,0.9477038916062657
13034092,1.4636195511252814
13035921,1.2831269119732789
11050713,0.37782106290967815
12004413,1.0597674547720755
12028303,0.9628806122408149
13036116,0.9742656475066127
14012977,0.6949412911106267
14023747,0.5717886309330362
13051177,0.2826006344920591
11045892,0.7711917741746523
11045200,0.23866853018404288
12020074,1.0263920534814368
11052945,0.6850449078396176
12016007,0.7212375222260142
11020260,0.4749678274045315
12004718,0.23933339196668843
11052261,0.4788215611425142
11026375,0.7222529848393436
11027930,0.7370767399144313
13033574,0.39151737585029023
14023051,0.5476628101550393
14013845,0.6437324362728956
13005478,1.1734952385140358
11044005,0.29930487593782773
14100335,0.7227471568326226
11027862,0.775687314200273
12012516,1.2952358012776333
13049583,0.2379748576456776
12016018,0.7224086805939439
12008443,0.31691034326522843
13041849,0.8258895737162507
13051068,0.25837403870101466
13044147,0.7816672075459848
13025531,0.3610398359509823
14006367,1.0056148617217215
12023606,0.8705706642396006
13018015,0.4390382823461344
11051733,0.9526826354510147
13017893,0.9679723228870039
14022815,0.9059643973834625
13101997,0.6925365434909732
12016305,0.9653645921692282
11024959,1.0492931843852955
12021068,0.7106907672571968
12009396,0.4312807681022261
14013542,0.7215468684422227
13063516,0.7216401711228371
12025209,0.5516974291615722
11012866,0.6504886916880376
12024312,0.9284162391818708
12016919,0.3445095817520785
13035723,0.29192486191217465
13036633,0.6427626916163287
13025570,1.4637717476850995
11044046,0.3861458961595293
12100580,0.9944031550315539
13042955,0.4357054780361587
14022958,0.5604685423827993
13039568,0.34949788153516054
12028967,1.0616690818976746
14011849,0.7544048241827563
12025594,0.3423392830726316
12007558,0.7543559271241036
13028726,0.38388174963317007
11039114,0.6370711334732937
13035176,1.1386403608791245
12007835,1.257211077094002
11047639,0.48146293692452635
13035322,0.9584306819354945
13033872,0.673376799711025
12029391,0.8849135528570098
13027414,1.2730394607659943
13019122,1.4569540868940154
12024666,1.2314890790750368
13017910,1.1463504597557965
12016346,0.37463169896068815
14013673,0.7017447212912002
12016725,0.34477752330618794
12008840,0.3626989563534363
13049384,0.9526826354510147
14017554,0.4459782995674516
11033355,1.2739496159365866
12020795,1.0889247691939437
12020411,0.24732186206120615
13026034,1.1529082359251577
11008124,0.7014412489218489
13012923,0.7528010802366987
13011173,0.6966141543698441
13027512,0.672572397474117
13027506,0.38082165546659374
14039546,0.7592129624343942
12008819,1.2503712203769406
12019453,1.187708349942009
13036529,0.5017937326277739
12024401,1.1634424784827104
12005807,0.599970026654611
11050874,0.35232557115737184
12025366,0.6609345376631833
13009874,1.0544218414147721
11045172,0.5399964801859244
13019733,0.7177924655720251
13032167,1.0614966680030096
13005291,1.3400339793474685
14024236,0.9526826354510147
12023720,0.3529395573454643
13017070,1.1944514722168917
13041788,1.4501589917215505
13004618,0.7467178959690624
11033821,0.5329291876248697
14017734,1.2662996319533162
13058149,0.3893696391938137
13064585,0.40427226796845805
